-- MySQL dump 10.13  Distrib 8.0.44, for Linux (x86_64)
--
-- Host: mysql-1d9027ca-joaotoledo-bd.e.aivencloud.com    Database: hamburgueria
-- ------------------------------------------------------
-- Server version	8.0.35

/*!40101 SET @OLD_CHARACTER_SET_CLIENT=@@CHARACTER_SET_CLIENT */;
/*!40101 SET @OLD_CHARACTER_SET_RESULTS=@@CHARACTER_SET_RESULTS */;
/*!40101 SET @OLD_COLLATION_CONNECTION=@@COLLATION_CONNECTION */;
/*!50503 SET NAMES utf8 */;
/*!40103 SET @OLD_TIME_ZONE=@@TIME_ZONE */;
/*!40103 SET TIME_ZONE='+00:00' */;
/*!40014 SET @OLD_UNIQUE_CHECKS=@@UNIQUE_CHECKS, UNIQUE_CHECKS=0 */;
/*!40014 SET @OLD_FOREIGN_KEY_CHECKS=@@FOREIGN_KEY_CHECKS, FOREIGN_KEY_CHECKS=0 */;
/*!40101 SET @OLD_SQL_MODE=@@SQL_MODE, SQL_MODE='NO_AUTO_VALUE_ON_ZERO' */;
/*!40111 SET @OLD_SQL_NOTES=@@SQL_NOTES, SQL_NOTES=0 */;
SET @MYSQLDUMP_TEMP_LOG_BIN = @@SESSION.SQL_LOG_BIN;
SET @@SESSION.SQL_LOG_BIN= 0;

--
-- GTID state at the beginning of the backup 
--

SET @@GLOBAL.GTID_PURGED=/*!80000 '+'*/ '51ac82df-b369-11f0-80c8-862ccfb03d59:1-1140';

--
-- Table structure for table `categorias`
--

DROP TABLE IF EXISTS `categorias`;
/*!40101 SET @saved_cs_client     = @@character_set_client */;
/*!50503 SET character_set_client = utf8mb4 */;
CREATE TABLE `categorias` (
  `idCategorias` int NOT NULL AUTO_INCREMENT,
  `nome` varchar(45) NOT NULL,
  `ativo` tinyint NOT NULL,
  PRIMARY KEY (`idCategorias`)
) ENGINE=InnoDB AUTO_INCREMENT=19 DEFAULT CHARSET=utf8mb4 COLLATE=utf8mb4_0900_ai_ci;
/*!40101 SET character_set_client = @saved_cs_client */;

--
-- Dumping data for table `categorias`
--

LOCK TABLES `categorias` WRITE;
/*!40000 ALTER TABLE `categorias` DISABLE KEYS */;
INSERT INTO `categorias` VALUES (2,'Lanches',0),(3,'Lanches',1),(4,'Bebidas',1),(5,'Acompanhamentos',1),(6,'Sobremesas',1),(7,'Adicional',1),(8,'Nova',0),(12,'novo3',0),(13,'nova4',0),(14,'novovovoodokaojsoaklçsalçsj.laks',0),(15,'shdjhdlkshklsdj',0),(16,'FuncionaPeloAmordeDeus',0),(17,'teste',0),(18,'Test',0);
/*!40000 ALTER TABLE `categorias` ENABLE KEYS */;
UNLOCK TABLES;

--
-- Table structure for table `estoque`
--

DROP TABLE IF EXISTS `estoque`;
/*!40101 SET @saved_cs_client     = @@character_set_client */;
/*!50503 SET character_set_client = utf8mb4 */;
CREATE TABLE `estoque` (
  `idEstoque` int NOT NULL AUTO_INCREMENT,
  `qtdAtual` float NOT NULL,
  `qtdMinima` float NOT NULL,
  `ingredientes_idIngredientes` int NOT NULL,
  PRIMARY KEY (`idEstoque`),
  KEY `fk_estoque_ingredientes1_idx` (`ingredientes_idIngredientes`),
  CONSTRAINT `fk_estoque_ingredientes1` FOREIGN KEY (`ingredientes_idIngredientes`) REFERENCES `ingredientes` (`idIngredientes`)
) ENGINE=InnoDB AUTO_INCREMENT=6 DEFAULT CHARSET=utf8mb4 COLLATE=utf8mb4_0900_ai_ci;
/*!40101 SET character_set_client = @saved_cs_client */;

--
-- Dumping data for table `estoque`
--

LOCK TABLES `estoque` WRITE;
/*!40000 ALTER TABLE `estoque` DISABLE KEYS */;
INSERT INTO `estoque` VALUES (1,50,10,1),(2,3000,500,2),(3,1500,300,3),(4,800,1000,4),(5,10550,2000,5);
/*!40000 ALTER TABLE `estoque` ENABLE KEYS */;
UNLOCK TABLES;

--
-- Table structure for table `ingredientes`
--

DROP TABLE IF EXISTS `ingredientes`;
/*!40101 SET @saved_cs_client     = @@character_set_client */;
/*!50503 SET character_set_client = utf8mb4 */;
CREATE TABLE `ingredientes` (
  `idIngredientes` int NOT NULL AUTO_INCREMENT,
  `ingredientescol` varchar(45) NOT NULL,
  `medida` varchar(2) NOT NULL,
  `ativo` tinyint NOT NULL,
  PRIMARY KEY (`idIngredientes`)
) ENGINE=InnoDB AUTO_INCREMENT=6 DEFAULT CHARSET=utf8mb4 COLLATE=utf8mb4_0900_ai_ci;
/*!40101 SET character_set_client = @saved_cs_client */;

--
-- Dumping data for table `ingredientes`
--

LOCK TABLES `ingredientes` WRITE;
/*!40000 ALTER TABLE `ingredientes` DISABLE KEYS */;
INSERT INTO `ingredientes` VALUES (1,'Pão de Hambúrguer','un',1),(2,'Carne Bovina','g',1),(3,'Queijo Cheddar','g',1),(4,'Batata Frita','g',1),(5,'Refrigerante Lata','ml',1);
/*!40000 ALTER TABLE `ingredientes` ENABLE KEYS */;
UNLOCK TABLES;

--
-- Table structure for table `itensVendas`
--

DROP TABLE IF EXISTS `itensVendas`;
/*!40101 SET @saved_cs_client     = @@character_set_client */;
/*!50503 SET character_set_client = utf8mb4 */;
CREATE TABLE `itensVendas` (
  `idItensVendas` int NOT NULL AUTO_INCREMENT,
  `quantidade` float NOT NULL,
  `precoUnitario` decimal(10,2) NOT NULL,
  `vendas_idVendas` int NOT NULL,
  `produtos_idProdutos` int NOT NULL,
  PRIMARY KEY (`idItensVendas`),
  KEY `fk_itensVendas_vendas1_idx` (`vendas_idVendas`),
  KEY `fk_itensVendas_produtos1_idx` (`produtos_idProdutos`),
  CONSTRAINT `fk_itensVendas_produtos1` FOREIGN KEY (`produtos_idProdutos`) REFERENCES `produtos` (`idProdutos`),
  CONSTRAINT `fk_itensVendas_vendas1` FOREIGN KEY (`vendas_idVendas`) REFERENCES `vendas` (`idVendas`)
) ENGINE=InnoDB AUTO_INCREMENT=41 DEFAULT CHARSET=utf8mb4 COLLATE=utf8mb4_0900_ai_ci;
/*!40101 SET character_set_client = @saved_cs_client */;

--
-- Dumping data for table `itensVendas`
--

LOCK TABLES `itensVendas` WRITE;
/*!40000 ALTER TABLE `itensVendas` DISABLE KEYS */;
INSERT INTO `itensVendas` VALUES (8,3,12.45,4,10),(9,2,6.00,4,11),(12,1,12.45,6,10),(13,1,12.45,7,10),(15,1,12.45,9,10),(16,19,6.00,10,11),(17,2,12.45,11,10),(37,1,12.45,31,10),(38,1,30.99,32,14),(39,1,6.00,32,11),(40,1,15.00,32,12);
/*!40000 ALTER TABLE `itensVendas` ENABLE KEYS */;
UNLOCK TABLES;

--
-- Table structure for table `logs`
--

DROP TABLE IF EXISTS `logs`;
/*!40101 SET @saved_cs_client     = @@character_set_client */;
/*!50503 SET character_set_client = utf8mb4 */;
CREATE TABLE `logs` (
  `idLog` int NOT NULL AUTO_INCREMENT,
  `tabela` varchar(100) DEFAULT NULL,
  `operacao` varchar(10) DEFAULT NULL,
  `registroId` int DEFAULT NULL,
  `valoresAntigos` text,
  `valoresNovos` text,
  `usuarioSistema` varchar(100) DEFAULT NULL,
  `dataOperacao` datetime DEFAULT NULL,
  PRIMARY KEY (`idLog`)
) ENGINE=InnoDB AUTO_INCREMENT=484 DEFAULT CHARSET=utf8mb4 COLLATE=utf8mb4_0900_ai_ci;
/*!40101 SET character_set_client = @saved_cs_client */;

--
-- Dumping data for table `logs`
--

LOCK TABLES `logs` WRITE;
/*!40000 ALTER TABLE `logs` DISABLE KEYS */;
INSERT INTO `logs` VALUES (1,'categorias','INSERT',2,NULL,'nome=Lanches, ativo=0','avnadmin@%','2025-11-10 23:49:00'),(2,'produtos','INSERT',2,NULL,'nome=X-Tudo, preco=15.90, ativo=1, categoria=2','avnadmin@%','2025-11-10 23:50:01'),(3,'usuarios','INSERT',1,NULL,'nome=João, login=joao, ativo=1','avnadmin@%','2025-11-11 00:16:07'),(4,'categorias','INSERT',3,NULL,'nome=Lanches, ativo=1','avnadmin@%','2025-11-12 18:26:25'),(5,'categorias','INSERT',4,NULL,'nome=Bebidas, ativo=1','avnadmin@%','2025-11-12 18:26:25'),(6,'categorias','INSERT',5,NULL,'nome=Acompanhamentos, ativo=1','avnadmin@%','2025-11-12 18:26:25'),(7,'categorias','INSERT',6,NULL,'nome=Sobremesas, ativo=1','avnadmin@%','2025-11-12 18:26:25'),(8,'ingredientes','INSERT',1,NULL,'ingredientescol=Pão de Hambúrguer, medida=un, ativo=1','avnadmin@%','2025-11-12 18:26:25'),(9,'ingredientes','INSERT',2,NULL,'ingredientescol=Carne Bovina, medida=g, ativo=1','avnadmin@%','2025-11-12 18:26:25'),(10,'ingredientes','INSERT',3,NULL,'ingredientescol=Queijo Cheddar, medida=g, ativo=1','avnadmin@%','2025-11-12 18:26:25'),(11,'ingredientes','INSERT',4,NULL,'ingredientescol=Batata Frita, medida=g, ativo=1','avnadmin@%','2025-11-12 18:26:25'),(12,'ingredientes','INSERT',5,NULL,'ingredientescol=Refrigerante Lata, medida=ml, ativo=1','avnadmin@%','2025-11-12 18:26:25'),(13,'produtos','INSERT',8,NULL,'nome=X-Burguer, preco=18.90, ativo=1, categoria=2','avnadmin@%','2025-11-12 18:31:19'),(14,'produtos','INSERT',9,NULL,'nome=X-Salada, preco=20.90, ativo=1, categoria=2','avnadmin@%','2025-11-12 18:31:19'),(15,'produtos','INSERT',10,NULL,'nome=Batata Frita Grande, preco=12.00, ativo=1, categoria=5','avnadmin@%','2025-11-12 18:31:19'),(16,'produtos','INSERT',11,NULL,'nome=Refrigerante Lata, preco=6.00, ativo=1, categoria=4','avnadmin@%','2025-11-12 18:31:19'),(17,'produtos','INSERT',12,NULL,'nome=Milkshake Chocolate, preco=15.00, ativo=1, categoria=6','avnadmin@%','2025-11-12 18:31:19'),(18,'categorias','UPDATE',3,'nome=Lanches, ativo=1','nome=Lanche, ativo=1','avnadmin@%','2025-11-12 20:29:09'),(19,'produtos','UPDATE',10,'nome=Batata Frita Grande, preco=12.00, ativo=1, categoria=5','nome=Batata Frita Grande, preco=12.45, ativo=1, categoria=5','avnadmin@%','2025-11-12 20:29:29'),(20,'produtos','UPDATE',10,'nome=Batata Frita Grande, preco=12.45, ativo=1, categoria=5','nome=Batata Frita Grande, preco=12.45, ativo=1, categoria=3','avnadmin@%','2025-11-12 20:29:41'),(21,'produtos','UPDATE',2,'nome=X-Tudo, preco=15.90, ativo=1, categoria=2','nome=X-Tudo, preco=15.90, ativo=0, categoria=2','avnadmin@%','2025-11-12 20:29:47'),(22,'categorias','UPDATE',3,'nome=Lanche, ativo=1','nome=Lanches, ativo=1','avnadmin@%','2025-11-12 22:34:10'),(23,'produtos','INSERT',13,NULL,'nome=Lanche Novo, preco=99.00, ativo=1, categoria=3','avnadmin@%','2025-11-12 22:35:15'),(24,'produtos','UPDATE',13,'nome=Lanche Novo, preco=99.00, ativo=1, categoria=3','nome=Lanche velho, preco=99.00, ativo=1, categoria=3','avnadmin@%','2025-11-12 22:35:56'),(25,'produtos','UPDATE',13,'nome=Lanche velho, preco=99.00, ativo=1, categoria=3','nome=Lanche velho, preco=99.00, ativo=1, categoria=4','avnadmin@%','2025-11-12 22:36:14'),(26,'usuarios','INSERT',2,NULL,'nome=pedro, login=pedro, ativo=1','avnadmin@%','2025-11-12 23:36:11'),(27,'categorias','INSERT',7,NULL,'nome=Adicional, ativo=1','avnadmin@%','2025-11-12 23:42:50'),(28,'categorias','INSERT',8,NULL,'nome=Nova, ativo=1','avnadmin@%','2025-11-16 19:55:16'),(29,'itensVendas','INSERT',10,NULL,'quantidade=12, precoUnitario=12.45, vendas_idVendas=5, produtos_idProdutos=10','avnadmin@%','2025-11-17 22:57:59'),(30,'itensVendas','INSERT',11,NULL,'quantidade=6, precoUnitario=6.00, vendas_idVendas=5, produtos_idProdutos=11','avnadmin@%','2025-11-17 22:57:59'),(56,'categorias','INSERT',12,NULL,'nome=novo3, ativo=1','avnadmin@%','2025-11-17 23:51:35'),(57,'categorias','INSERT',12,NULL,'{\"nome\": \"novo3\", \"ativo\": 1, \"idCategorias\": 12}','avnadmin@%','2025-11-17 23:51:35'),(58,'produtos','UPDATE',8,'nome=X-Burguer, preco=18.90, ativo=1, categoria=2','nome=X-Burguer, preco=18.90, ativo=0, categoria=2','avnadmin@%','2025-11-17 23:56:26'),(59,'produtos','UPDATE',8,'{\"nome\": \"X-Burguer\", \"ativo\": 1, \"preco\": 18.90, \"idProdutos\": 8, \"categorias_idCategorias\": 2}','{\"nome\": \"X-Burguer\", \"ativo\": 0, \"preco\": 18.90, \"idProdutos\": 8, \"categorias_idCategorias\": 2}','avnadmin@%','2025-11-17 23:56:26'),(60,'categorias','INSERT',13,NULL,'nome=nova4, ativo=1','avnadmin@%','2025-11-17 23:57:05'),(61,'categorias','INSERT',13,NULL,'{\"nome\": \"nova4\", \"ativo\": 1, \"idCategorias\": 13}','avnadmin@%','2025-11-17 23:57:05'),(62,'usuariosPermissoes','UPDATE',NULL,'{\"permisaoDelete\": 0, \"permisaoInsert\": 0, \"permisaoSelect\": 1, \"permisaoUpdate\": 0, \"usuarios_idUsuarios\": 2, \"permissoes_idPermissoes\": 4}','{\"permisaoDelete\": 0, \"permisaoInsert\": 1, \"permisaoSelect\": 1, \"permisaoUpdate\": 0, \"usuarios_idUsuarios\": 2, \"permissoes_idPermissoes\": 4}','joao@189.108.219.66','2025-11-18 00:01:41'),(63,'categorias','INSERT',14,NULL,'nome=novovovoodokaojsoaklçsalçsj.laks, ativo=1','avnadmin@%','2025-11-18 00:02:19'),(64,'categorias','INSERT',14,NULL,'{\"nome\": \"novovovoodokaojsoaklçsalçsj.laks\", \"ativo\": 1, \"idCategorias\": 14}','pedro@189.108.219.66','2025-11-18 00:02:19'),(65,'categorias','INSERT',15,NULL,'nome=shdjhdlkshklsdj, ativo=1','avnadmin@%','2025-11-18 00:03:05'),(66,'categorias','INSERT',15,NULL,'{\"nome\": \"shdjhdlkshklsdj\", \"ativo\": 1, \"idCategorias\": 15}','joao@189.108.219.66','2025-11-18 00:03:05'),(67,'categorias','INSERT',16,NULL,'nome=FuncionaPeloAmordeDeus, ativo=1','avnadmin@%','2025-11-18 00:07:51'),(68,'categorias','INSERT',16,NULL,'{\"nome\": \"FuncionaPeloAmordeDeus\", \"ativo\": 1, \"idCategorias\": 16}',NULL,'2025-11-18 00:07:51'),(69,'categorias','UPDATE',14,'nome=novovovoodokaojsoaklçsalçsj.laks, ativo=1','nome=novovovoodokaojsoaklçsalçsj.laks, ativo=0','avnadmin@%','2025-11-18 00:09:08'),(70,'categorias','UPDATE',14,'{\"nome\": \"novovovoodokaojsoaklçsalçsj.laks\", \"ativo\": 1, \"idCategorias\": 14}','{\"nome\": \"novovovoodokaojsoaklçsalçsj.laks\", \"ativo\": 0, \"idCategorias\": 14}','joao@189.108.219.66','2025-11-18 00:09:08'),(71,'usuariosPermissoes','UPDATE',NULL,'{\"permisaoDelete\": 0, \"permisaoInsert\": 1, \"permisaoSelect\": 1, \"permisaoUpdate\": 0, \"usuarios_idUsuarios\": 2, \"permissoes_idPermissoes\": 4}','{\"permisaoDelete\": 0, \"permisaoInsert\": 1, \"permisaoSelect\": 1, \"permisaoUpdate\": 1, \"usuarios_idUsuarios\": 2, \"permissoes_idPermissoes\": 4}','joao@187.87.126.14','2025-11-18 18:28:31'),(72,'usuariosPermissoes','UPDATE',NULL,'{\"permisaoDelete\": 0, \"permisaoInsert\": 1, \"permisaoSelect\": 1, \"permisaoUpdate\": 1, \"usuarios_idUsuarios\": 2, \"permissoes_idPermissoes\": 4}','{\"permisaoDelete\": 1, \"permisaoInsert\": 1, \"permisaoSelect\": 1, \"permisaoUpdate\": 1, \"usuarios_idUsuarios\": 2, \"permissoes_idPermissoes\": 4}','joao@187.87.126.14','2025-11-18 18:28:38'),(73,'usuariosPermissoes','UPDATE',NULL,'{\"permisaoDelete\": 1, \"permisaoInsert\": 1, \"permisaoSelect\": 1, \"permisaoUpdate\": 1, \"usuarios_idUsuarios\": 1, \"permissoes_idPermissoes\": 5}','{\"permisaoDelete\": 1, \"permisaoInsert\": 1, \"permisaoSelect\": 1, \"permisaoUpdate\": 1, \"usuarios_idUsuarios\": 1, \"permissoes_idPermissoes\": 5}','joao@187.87.126.14','2025-11-18 18:37:57'),(74,'usuariosPermissoes','UPDATE',NULL,'{\"permisaoDelete\": 1, \"permisaoInsert\": 1, \"permisaoSelect\": 1, \"permisaoUpdate\": 1, \"usuarios_idUsuarios\": 1, \"permissoes_idPermissoes\": 4}','{\"permisaoDelete\": 1, \"permisaoInsert\": 1, \"permisaoSelect\": 1, \"permisaoUpdate\": 1, \"usuarios_idUsuarios\": 1, \"permissoes_idPermissoes\": 4}','joao@187.87.126.14','2025-11-18 18:37:57'),(75,'usuariosPermissoes','UPDATE',NULL,'{\"permisaoDelete\": 1, \"permisaoInsert\": 1, \"permisaoSelect\": 1, \"permisaoUpdate\": 1, \"usuarios_idUsuarios\": 1, \"permissoes_idPermissoes\": 3}','{\"permisaoDelete\": 1, \"permisaoInsert\": 1, \"permisaoSelect\": 1, \"permisaoUpdate\": 1, \"usuarios_idUsuarios\": 1, \"permissoes_idPermissoes\": 3}','joao@187.87.126.14','2025-11-18 18:37:58'),(76,'usuariosPermissoes','UPDATE',NULL,'{\"permisaoDelete\": 1, \"permisaoInsert\": 1, \"permisaoSelect\": 1, \"permisaoUpdate\": 1, \"usuarios_idUsuarios\": 1, \"permissoes_idPermissoes\": 2}','{\"permisaoDelete\": 1, \"permisaoInsert\": 1, \"permisaoSelect\": 1, \"permisaoUpdate\": 1, \"usuarios_idUsuarios\": 1, \"permissoes_idPermissoes\": 2}','joao@187.87.126.14','2025-11-18 18:37:58'),(77,'usuariosPermissoes','UPDATE',NULL,'{\"permisaoDelete\": 1, \"permisaoInsert\": 1, \"permisaoSelect\": 1, \"permisaoUpdate\": 1, \"usuarios_idUsuarios\": 1, \"permissoes_idPermissoes\": 1}','{\"permisaoDelete\": 0, \"permisaoInsert\": 1, \"permisaoSelect\": 1, \"permisaoUpdate\": 1, \"usuarios_idUsuarios\": 1, \"permissoes_idPermissoes\": 1}','joao@187.87.126.14','2025-11-18 18:37:58'),(78,'usuariosPermissoes','UPDATE',NULL,'{\"permisaoDelete\": 1, \"permisaoInsert\": 1, \"permisaoSelect\": 1, \"permisaoUpdate\": 1, \"usuarios_idUsuarios\": 1, \"permissoes_idPermissoes\": 5}','{\"permisaoDelete\": 1, \"permisaoInsert\": 1, \"permisaoSelect\": 1, \"permisaoUpdate\": 1, \"usuarios_idUsuarios\": 1, \"permissoes_idPermissoes\": 5}','joao@187.87.126.14','2025-11-18 18:37:58'),(79,'usuariosPermissoes','UPDATE',NULL,'{\"permisaoDelete\": 1, \"permisaoInsert\": 1, \"permisaoSelect\": 1, \"permisaoUpdate\": 1, \"usuarios_idUsuarios\": 1, \"permissoes_idPermissoes\": 4}','{\"permisaoDelete\": 1, \"permisaoInsert\": 1, \"permisaoSelect\": 1, \"permisaoUpdate\": 1, \"usuarios_idUsuarios\": 1, \"permissoes_idPermissoes\": 4}','joao@187.87.126.14','2025-11-18 18:37:59'),(80,'usuariosPermissoes','UPDATE',NULL,'{\"permisaoDelete\": 1, \"permisaoInsert\": 1, \"permisaoSelect\": 1, \"permisaoUpdate\": 1, \"usuarios_idUsuarios\": 1, \"permissoes_idPermissoes\": 3}','{\"permisaoDelete\": 1, \"permisaoInsert\": 1, \"permisaoSelect\": 1, \"permisaoUpdate\": 1, \"usuarios_idUsuarios\": 1, \"permissoes_idPermissoes\": 3}','joao@187.87.126.14','2025-11-18 18:37:59'),(81,'usuariosPermissoes','UPDATE',NULL,'{\"permisaoDelete\": 1, \"permisaoInsert\": 1, \"permisaoSelect\": 1, \"permisaoUpdate\": 1, \"usuarios_idUsuarios\": 1, \"permissoes_idPermissoes\": 2}','{\"permisaoDelete\": 1, \"permisaoInsert\": 1, \"permisaoSelect\": 1, \"permisaoUpdate\": 1, \"usuarios_idUsuarios\": 1, \"permissoes_idPermissoes\": 2}','joao@187.87.126.14','2025-11-18 18:37:59'),(82,'usuariosPermissoes','UPDATE',NULL,'{\"permisaoDelete\": 0, \"permisaoInsert\": 1, \"permisaoSelect\": 1, \"permisaoUpdate\": 1, \"usuarios_idUsuarios\": 1, \"permissoes_idPermissoes\": 1}','{\"permisaoDelete\": 0, \"permisaoInsert\": 1, \"permisaoSelect\": 1, \"permisaoUpdate\": 0, \"usuarios_idUsuarios\": 1, \"permissoes_idPermissoes\": 1}','joao@187.87.126.14','2025-11-18 18:37:59'),(83,'usuariosPermissoes','UPDATE',NULL,'{\"permisaoDelete\": 1, \"permisaoInsert\": 1, \"permisaoSelect\": 1, \"permisaoUpdate\": 1, \"usuarios_idUsuarios\": 1, \"permissoes_idPermissoes\": 5}','{\"permisaoDelete\": 1, \"permisaoInsert\": 1, \"permisaoSelect\": 1, \"permisaoUpdate\": 1, \"usuarios_idUsuarios\": 1, \"permissoes_idPermissoes\": 5}','joao@187.87.126.14','2025-11-18 18:38:00'),(84,'usuariosPermissoes','UPDATE',NULL,'{\"permisaoDelete\": 1, \"permisaoInsert\": 1, \"permisaoSelect\": 1, \"permisaoUpdate\": 1, \"usuarios_idUsuarios\": 1, \"permissoes_idPermissoes\": 4}','{\"permisaoDelete\": 1, \"permisaoInsert\": 1, \"permisaoSelect\": 1, \"permisaoUpdate\": 1, \"usuarios_idUsuarios\": 1, \"permissoes_idPermissoes\": 4}','joao@187.87.126.14','2025-11-18 18:38:01'),(85,'usuariosPermissoes','UPDATE',NULL,'{\"permisaoDelete\": 1, \"permisaoInsert\": 1, \"permisaoSelect\": 1, \"permisaoUpdate\": 1, \"usuarios_idUsuarios\": 1, \"permissoes_idPermissoes\": 3}','{\"permisaoDelete\": 1, \"permisaoInsert\": 1, \"permisaoSelect\": 1, \"permisaoUpdate\": 1, \"usuarios_idUsuarios\": 1, \"permissoes_idPermissoes\": 3}','joao@187.87.126.14','2025-11-18 18:38:01'),(86,'usuariosPermissoes','UPDATE',NULL,'{\"permisaoDelete\": 1, \"permisaoInsert\": 1, \"permisaoSelect\": 1, \"permisaoUpdate\": 1, \"usuarios_idUsuarios\": 1, \"permissoes_idPermissoes\": 2}','{\"permisaoDelete\": 1, \"permisaoInsert\": 1, \"permisaoSelect\": 1, \"permisaoUpdate\": 1, \"usuarios_idUsuarios\": 1, \"permissoes_idPermissoes\": 2}','joao@187.87.126.14','2025-11-18 18:38:01'),(87,'usuariosPermissoes','UPDATE',NULL,'{\"permisaoDelete\": 0, \"permisaoInsert\": 1, \"permisaoSelect\": 1, \"permisaoUpdate\": 0, \"usuarios_idUsuarios\": 1, \"permissoes_idPermissoes\": 1}','{\"permisaoDelete\": 0, \"permisaoInsert\": 0, \"permisaoSelect\": 1, \"permisaoUpdate\": 0, \"usuarios_idUsuarios\": 1, \"permissoes_idPermissoes\": 1}','joao@187.87.126.14','2025-11-18 18:38:01'),(88,'usuariosPermissoes','UPDATE',NULL,'{\"permisaoDelete\": 1, \"permisaoInsert\": 1, \"permisaoSelect\": 1, \"permisaoUpdate\": 1, \"usuarios_idUsuarios\": 1, \"permissoes_idPermissoes\": 5}','{\"permisaoDelete\": 1, \"permisaoInsert\": 1, \"permisaoSelect\": 1, \"permisaoUpdate\": 1, \"usuarios_idUsuarios\": 1, \"permissoes_idPermissoes\": 5}','joao@187.87.126.14','2025-11-18 18:38:01'),(89,'usuariosPermissoes','UPDATE',NULL,'{\"permisaoDelete\": 1, \"permisaoInsert\": 1, \"permisaoSelect\": 1, \"permisaoUpdate\": 1, \"usuarios_idUsuarios\": 1, \"permissoes_idPermissoes\": 4}','{\"permisaoDelete\": 1, \"permisaoInsert\": 1, \"permisaoSelect\": 1, \"permisaoUpdate\": 1, \"usuarios_idUsuarios\": 1, \"permissoes_idPermissoes\": 4}','joao@187.87.126.14','2025-11-18 18:38:02'),(90,'usuariosPermissoes','UPDATE',NULL,'{\"permisaoDelete\": 1, \"permisaoInsert\": 1, \"permisaoSelect\": 1, \"permisaoUpdate\": 1, \"usuarios_idUsuarios\": 1, \"permissoes_idPermissoes\": 3}','{\"permisaoDelete\": 1, \"permisaoInsert\": 1, \"permisaoSelect\": 1, \"permisaoUpdate\": 1, \"usuarios_idUsuarios\": 1, \"permissoes_idPermissoes\": 3}','joao@187.87.126.14','2025-11-18 18:38:02'),(91,'usuariosPermissoes','UPDATE',NULL,'{\"permisaoDelete\": 1, \"permisaoInsert\": 1, \"permisaoSelect\": 1, \"permisaoUpdate\": 1, \"usuarios_idUsuarios\": 1, \"permissoes_idPermissoes\": 2}','{\"permisaoDelete\": 1, \"permisaoInsert\": 1, \"permisaoSelect\": 1, \"permisaoUpdate\": 1, \"usuarios_idUsuarios\": 1, \"permissoes_idPermissoes\": 2}','joao@187.87.126.14','2025-11-18 18:38:02'),(92,'usuariosPermissoes','UPDATE',NULL,'{\"permisaoDelete\": 0, \"permisaoInsert\": 0, \"permisaoSelect\": 1, \"permisaoUpdate\": 0, \"usuarios_idUsuarios\": 1, \"permissoes_idPermissoes\": 1}','{\"permisaoDelete\": 0, \"permisaoInsert\": 0, \"permisaoSelect\": 0, \"permisaoUpdate\": 0, \"usuarios_idUsuarios\": 1, \"permissoes_idPermissoes\": 1}','joao@187.87.126.14','2025-11-18 18:38:02'),(93,'usuariosPermissoes','UPDATE',NULL,'{\"permisaoDelete\": 1, \"permisaoInsert\": 1, \"permisaoSelect\": 1, \"permisaoUpdate\": 1, \"usuarios_idUsuarios\": 1, \"permissoes_idPermissoes\": 5}','{\"permisaoDelete\": 1, \"permisaoInsert\": 1, \"permisaoSelect\": 1, \"permisaoUpdate\": 1, \"usuarios_idUsuarios\": 1, \"permissoes_idPermissoes\": 5}','joao@187.87.126.14','2025-11-18 18:38:35'),(94,'usuariosPermissoes','UPDATE',NULL,'{\"permisaoDelete\": 1, \"permisaoInsert\": 1, \"permisaoSelect\": 1, \"permisaoUpdate\": 1, \"usuarios_idUsuarios\": 1, \"permissoes_idPermissoes\": 4}','{\"permisaoDelete\": 1, \"permisaoInsert\": 1, \"permisaoSelect\": 1, \"permisaoUpdate\": 1, \"usuarios_idUsuarios\": 1, \"permissoes_idPermissoes\": 4}','joao@187.87.126.14','2025-11-18 18:38:35'),(95,'usuariosPermissoes','UPDATE',NULL,'{\"permisaoDelete\": 1, \"permisaoInsert\": 1, \"permisaoSelect\": 1, \"permisaoUpdate\": 1, \"usuarios_idUsuarios\": 1, \"permissoes_idPermissoes\": 3}','{\"permisaoDelete\": 1, \"permisaoInsert\": 1, \"permisaoSelect\": 1, \"permisaoUpdate\": 1, \"usuarios_idUsuarios\": 1, \"permissoes_idPermissoes\": 3}','joao@187.87.126.14','2025-11-18 18:38:35'),(96,'usuariosPermissoes','UPDATE',NULL,'{\"permisaoDelete\": 1, \"permisaoInsert\": 1, \"permisaoSelect\": 1, \"permisaoUpdate\": 1, \"usuarios_idUsuarios\": 1, \"permissoes_idPermissoes\": 2}','{\"permisaoDelete\": 1, \"permisaoInsert\": 1, \"permisaoSelect\": 1, \"permisaoUpdate\": 1, \"usuarios_idUsuarios\": 1, \"permissoes_idPermissoes\": 2}','joao@187.87.126.14','2025-11-18 18:38:35'),(97,'usuariosPermissoes','UPDATE',NULL,'{\"permisaoDelete\": 0, \"permisaoInsert\": 0, \"permisaoSelect\": 0, \"permisaoUpdate\": 0, \"usuarios_idUsuarios\": 1, \"permissoes_idPermissoes\": 1}','{\"permisaoDelete\": 0, \"permisaoInsert\": 0, \"permisaoSelect\": 1, \"permisaoUpdate\": 0, \"usuarios_idUsuarios\": 1, \"permissoes_idPermissoes\": 1}','joao@187.87.126.14','2025-11-18 18:38:36'),(98,'usuariosPermissoes','UPDATE',NULL,'{\"permisaoDelete\": 1, \"permisaoInsert\": 1, \"permisaoSelect\": 1, \"permisaoUpdate\": 1, \"usuarios_idUsuarios\": 1, \"permissoes_idPermissoes\": 5}','{\"permisaoDelete\": 1, \"permisaoInsert\": 1, \"permisaoSelect\": 1, \"permisaoUpdate\": 1, \"usuarios_idUsuarios\": 1, \"permissoes_idPermissoes\": 5}','joao@187.87.126.14','2025-11-18 18:38:36'),(99,'usuariosPermissoes','UPDATE',NULL,'{\"permisaoDelete\": 1, \"permisaoInsert\": 1, \"permisaoSelect\": 1, \"permisaoUpdate\": 1, \"usuarios_idUsuarios\": 1, \"permissoes_idPermissoes\": 4}','{\"permisaoDelete\": 1, \"permisaoInsert\": 1, \"permisaoSelect\": 1, \"permisaoUpdate\": 1, \"usuarios_idUsuarios\": 1, \"permissoes_idPermissoes\": 4}','joao@187.87.126.14','2025-11-18 18:38:36'),(100,'usuariosPermissoes','UPDATE',NULL,'{\"permisaoDelete\": 1, \"permisaoInsert\": 1, \"permisaoSelect\": 1, \"permisaoUpdate\": 1, \"usuarios_idUsuarios\": 1, \"permissoes_idPermissoes\": 3}','{\"permisaoDelete\": 1, \"permisaoInsert\": 1, \"permisaoSelect\": 1, \"permisaoUpdate\": 1, \"usuarios_idUsuarios\": 1, \"permissoes_idPermissoes\": 3}','joao@187.87.126.14','2025-11-18 18:38:37'),(101,'usuariosPermissoes','UPDATE',NULL,'{\"permisaoDelete\": 1, \"permisaoInsert\": 1, \"permisaoSelect\": 1, \"permisaoUpdate\": 1, \"usuarios_idUsuarios\": 1, \"permissoes_idPermissoes\": 2}','{\"permisaoDelete\": 1, \"permisaoInsert\": 1, \"permisaoSelect\": 1, \"permisaoUpdate\": 1, \"usuarios_idUsuarios\": 1, \"permissoes_idPermissoes\": 2}','joao@187.87.126.14','2025-11-18 18:38:37'),(102,'usuariosPermissoes','UPDATE',NULL,'{\"permisaoDelete\": 0, \"permisaoInsert\": 0, \"permisaoSelect\": 1, \"permisaoUpdate\": 0, \"usuarios_idUsuarios\": 1, \"permissoes_idPermissoes\": 1}','{\"permisaoDelete\": 0, \"permisaoInsert\": 1, \"permisaoSelect\": 1, \"permisaoUpdate\": 0, \"usuarios_idUsuarios\": 1, \"permissoes_idPermissoes\": 1}','joao@187.87.126.14','2025-11-18 18:38:37'),(103,'usuariosPermissoes','UPDATE',NULL,'{\"permisaoDelete\": 1, \"permisaoInsert\": 1, \"permisaoSelect\": 1, \"permisaoUpdate\": 1, \"usuarios_idUsuarios\": 1, \"permissoes_idPermissoes\": 5}','{\"permisaoDelete\": 1, \"permisaoInsert\": 1, \"permisaoSelect\": 1, \"permisaoUpdate\": 1, \"usuarios_idUsuarios\": 1, \"permissoes_idPermissoes\": 5}','joao@187.87.126.14','2025-11-18 18:38:37'),(104,'usuariosPermissoes','UPDATE',NULL,'{\"permisaoDelete\": 1, \"permisaoInsert\": 1, \"permisaoSelect\": 1, \"permisaoUpdate\": 1, \"usuarios_idUsuarios\": 1, \"permissoes_idPermissoes\": 4}','{\"permisaoDelete\": 1, \"permisaoInsert\": 1, \"permisaoSelect\": 1, \"permisaoUpdate\": 1, \"usuarios_idUsuarios\": 1, \"permissoes_idPermissoes\": 4}','joao@187.87.126.14','2025-11-18 18:38:38'),(105,'usuariosPermissoes','UPDATE',NULL,'{\"permisaoDelete\": 1, \"permisaoInsert\": 1, \"permisaoSelect\": 1, \"permisaoUpdate\": 1, \"usuarios_idUsuarios\": 1, \"permissoes_idPermissoes\": 3}','{\"permisaoDelete\": 1, \"permisaoInsert\": 1, \"permisaoSelect\": 1, \"permisaoUpdate\": 1, \"usuarios_idUsuarios\": 1, \"permissoes_idPermissoes\": 3}','joao@187.87.126.14','2025-11-18 18:38:38'),(106,'usuariosPermissoes','UPDATE',NULL,'{\"permisaoDelete\": 1, \"permisaoInsert\": 1, \"permisaoSelect\": 1, \"permisaoUpdate\": 1, \"usuarios_idUsuarios\": 1, \"permissoes_idPermissoes\": 2}','{\"permisaoDelete\": 1, \"permisaoInsert\": 1, \"permisaoSelect\": 1, \"permisaoUpdate\": 1, \"usuarios_idUsuarios\": 1, \"permissoes_idPermissoes\": 2}','joao@187.87.126.14','2025-11-18 18:38:38'),(107,'usuariosPermissoes','UPDATE',NULL,'{\"permisaoDelete\": 0, \"permisaoInsert\": 1, \"permisaoSelect\": 1, \"permisaoUpdate\": 0, \"usuarios_idUsuarios\": 1, \"permissoes_idPermissoes\": 1}','{\"permisaoDelete\": 0, \"permisaoInsert\": 1, \"permisaoSelect\": 1, \"permisaoUpdate\": 1, \"usuarios_idUsuarios\": 1, \"permissoes_idPermissoes\": 1}','joao@187.87.126.14','2025-11-18 18:38:38'),(108,'usuariosPermissoes','UPDATE',NULL,'{\"permisaoDelete\": 1, \"permisaoInsert\": 1, \"permisaoSelect\": 1, \"permisaoUpdate\": 1, \"usuarios_idUsuarios\": 1, \"permissoes_idPermissoes\": 5}','{\"permisaoDelete\": 1, \"permisaoInsert\": 1, \"permisaoSelect\": 1, \"permisaoUpdate\": 1, \"usuarios_idUsuarios\": 1, \"permissoes_idPermissoes\": 5}','joao@187.87.126.14','2025-11-18 18:38:38'),(109,'usuariosPermissoes','UPDATE',NULL,'{\"permisaoDelete\": 1, \"permisaoInsert\": 1, \"permisaoSelect\": 1, \"permisaoUpdate\": 1, \"usuarios_idUsuarios\": 1, \"permissoes_idPermissoes\": 4}','{\"permisaoDelete\": 1, \"permisaoInsert\": 1, \"permisaoSelect\": 1, \"permisaoUpdate\": 1, \"usuarios_idUsuarios\": 1, \"permissoes_idPermissoes\": 4}','joao@187.87.126.14','2025-11-18 18:38:38'),(110,'usuariosPermissoes','UPDATE',NULL,'{\"permisaoDelete\": 1, \"permisaoInsert\": 1, \"permisaoSelect\": 1, \"permisaoUpdate\": 1, \"usuarios_idUsuarios\": 1, \"permissoes_idPermissoes\": 3}','{\"permisaoDelete\": 1, \"permisaoInsert\": 1, \"permisaoSelect\": 1, \"permisaoUpdate\": 1, \"usuarios_idUsuarios\": 1, \"permissoes_idPermissoes\": 3}','joao@187.87.126.14','2025-11-18 18:38:39'),(111,'usuariosPermissoes','UPDATE',NULL,'{\"permisaoDelete\": 1, \"permisaoInsert\": 1, \"permisaoSelect\": 1, \"permisaoUpdate\": 1, \"usuarios_idUsuarios\": 1, \"permissoes_idPermissoes\": 2}','{\"permisaoDelete\": 1, \"permisaoInsert\": 1, \"permisaoSelect\": 1, \"permisaoUpdate\": 1, \"usuarios_idUsuarios\": 1, \"permissoes_idPermissoes\": 2}','joao@187.87.126.14','2025-11-18 18:38:39'),(112,'usuariosPermissoes','UPDATE',NULL,'{\"permisaoDelete\": 0, \"permisaoInsert\": 1, \"permisaoSelect\": 1, \"permisaoUpdate\": 1, \"usuarios_idUsuarios\": 1, \"permissoes_idPermissoes\": 1}','{\"permisaoDelete\": 1, \"permisaoInsert\": 1, \"permisaoSelect\": 1, \"permisaoUpdate\": 1, \"usuarios_idUsuarios\": 1, \"permissoes_idPermissoes\": 1}','joao@187.87.126.14','2025-11-18 18:38:39'),(113,'categorias','UPDATE',16,'nome=FuncionaPeloAmordeDeus, ativo=1','nome=FuncionaPeloAmordeDeus, ativo=0','avnadmin@%','2025-11-18 19:22:46'),(114,'categorias','UPDATE',16,'{\"nome\": \"FuncionaPeloAmordeDeus\", \"ativo\": 1, \"idCategorias\": 16}','{\"nome\": \"FuncionaPeloAmordeDeus\", \"ativo\": 0, \"idCategorias\": 16}','joao@187.87.126.14','2025-11-18 19:22:46'),(115,'categorias','UPDATE',15,'nome=shdjhdlkshklsdj, ativo=1','nome=shdjhdlkshklsdj, ativo=0','avnadmin@%','2025-11-18 19:22:49'),(116,'categorias','UPDATE',15,'{\"nome\": \"shdjhdlkshklsdj\", \"ativo\": 1, \"idCategorias\": 15}','{\"nome\": \"shdjhdlkshklsdj\", \"ativo\": 0, \"idCategorias\": 15}','joao@187.87.126.14','2025-11-18 19:22:49'),(117,'categorias','UPDATE',13,'nome=nova4, ativo=1','nome=nova4, ativo=0','avnadmin@%','2025-11-18 19:22:51'),(118,'categorias','UPDATE',13,'{\"nome\": \"nova4\", \"ativo\": 1, \"idCategorias\": 13}','{\"nome\": \"nova4\", \"ativo\": 0, \"idCategorias\": 13}','joao@187.87.126.14','2025-11-18 19:22:51'),(119,'categorias','UPDATE',12,'nome=novo3, ativo=1','nome=novo3, ativo=0','avnadmin@%','2025-11-18 19:22:53'),(120,'categorias','UPDATE',12,'{\"nome\": \"novo3\", \"ativo\": 1, \"idCategorias\": 12}','{\"nome\": \"novo3\", \"ativo\": 0, \"idCategorias\": 12}','joao@187.87.126.14','2025-11-18 19:22:53'),(121,'categorias','UPDATE',8,'nome=Nova, ativo=1','nome=Nova, ativo=0','avnadmin@%','2025-11-18 19:22:55'),(122,'categorias','UPDATE',8,'{\"nome\": \"Nova\", \"ativo\": 1, \"idCategorias\": 8}','{\"nome\": \"Nova\", \"ativo\": 0, \"idCategorias\": 8}','joao@187.87.126.14','2025-11-18 19:22:55'),(123,'produtos','UPDATE',9,'nome=X-Salada, preco=20.90, ativo=1, categoria=2','nome=X-Salada, preco=20.90, ativo=0, categoria=2','avnadmin@%','2025-11-18 19:23:02'),(124,'produtos','UPDATE',9,'{\"nome\": \"X-Salada\", \"ativo\": 1, \"preco\": 20.90, \"idProdutos\": 9, \"categorias_idCategorias\": 2}','{\"nome\": \"X-Salada\", \"ativo\": 0, \"preco\": 20.90, \"idProdutos\": 9, \"categorias_idCategorias\": 2}','joao@187.87.126.14','2025-11-18 19:23:02'),(125,'vendas','UPDATE',2,'{\"nome\": \"\", \"status\": \"pronto\", \"idVendas\": 2, \"dataVenda\": \"2025-11-10 13:00:00\", \"usuarios_idUsuarios\": 1}','{\"nome\": \"\", \"status\": \"cancelado\", \"idVendas\": 2, \"dataVenda\": \"2025-11-10 13:00:00\", \"usuarios_idUsuarios\": 1}','joao@187.87.126.14','2025-11-18 19:23:26'),(126,'vendas','UPDATE',3,'{\"nome\": \"\", \"status\": \"entregue\", \"idVendas\": 3, \"dataVenda\": \"2025-11-10 14:15:00\", \"usuarios_idUsuarios\": 1}','{\"nome\": \"\", \"status\": \"cancelado\", \"idVendas\": 3, \"dataVenda\": \"2025-11-10 14:15:00\", \"usuarios_idUsuarios\": 1}','joao@187.87.126.14','2025-11-18 19:23:29'),(127,'itensVendas','DELETE',4,'{\"quantidade\": 1.0, \"idItensVendas\": 4, \"precoUnitario\": 20.90, \"vendas_idVendas\": 2, \"produtos_idProdutos\": 9}',NULL,'joao@187.87.126.14','2025-11-18 19:23:57'),(128,'itensVendas','DELETE',5,'{\"quantidade\": 1.0, \"idItensVendas\": 5, \"precoUnitario\": 12.00, \"vendas_idVendas\": 2, \"produtos_idProdutos\": 10}',NULL,'joao@187.87.126.14','2025-11-18 19:23:57'),(129,'itensVendas','DELETE',6,'{\"quantidade\": 1.0, \"idItensVendas\": 6, \"precoUnitario\": 6.00, \"vendas_idVendas\": 2, \"produtos_idProdutos\": 11}',NULL,'joao@187.87.126.14','2025-11-18 19:23:57'),(130,'vendas','DELETE',2,'{\"nome\": \"\", \"status\": \"cancelado\", \"idVendas\": 2, \"dataVenda\": \"2025-11-10 13:00:00\", \"usuarios_idUsuarios\": 1}',NULL,'joao@187.87.126.14','2025-11-18 19:23:57'),(131,'itensVendas','DELETE',7,'{\"quantidade\": 1.0, \"idItensVendas\": 7, \"precoUnitario\": 15.00, \"vendas_idVendas\": 3, \"produtos_idProdutos\": 12}',NULL,'joao@187.87.126.14','2025-11-18 19:24:02'),(132,'vendas','DELETE',3,'{\"nome\": \"\", \"status\": \"cancelado\", \"idVendas\": 3, \"dataVenda\": \"2025-11-10 14:15:00\", \"usuarios_idUsuarios\": 1}',NULL,'joao@187.87.126.14','2025-11-18 19:24:03'),(133,'usuarios','INSERT',3,NULL,'nome=teste, login=testeteste, ativo=1','avnadmin@%','2025-11-18 19:39:56'),(134,'usuarios','INSERT',3,NULL,'{\"nome\": \"teste\", \"ativo\": 1, \"login\": \"testeteste\", \"senha\": \"$2b$10$svEDKc19.1J4BfSOIMhGa.noiyrkWYqm6HHSE/hx8.jQVkwgb4eTS\", \"idUsuarios\": 3}','joao@187.87.126.14','2025-11-18 19:39:56'),(135,'usuarios','INSERT',4,NULL,'nome=admin, login=avnadmin, ativo=1','avnadmin@%','2025-11-18 19:54:35'),(136,'usuarios','INSERT',4,NULL,'{\"nome\": \"admin\", \"ativo\": 1, \"login\": \"avnadmin\", \"senha\": \"AVNS_dG-ZjDzL_7IxPqTQY1F\", \"idUsuarios\": 4}','avnadmin@187.87.126.14','2025-11-18 19:54:35'),(137,'usuariosPermissoes','INSERT',NULL,NULL,'{\"permisaoDelete\": 1, \"permisaoInsert\": 1, \"permisaoSelect\": 1, \"permisaoUpdate\": 1, \"usuarios_idUsuarios\": 4, \"permissoes_idPermissoes\": 1}','avnadmin@187.87.126.14','2025-11-18 19:57:03'),(138,'usuariosPermissoes','INSERT',NULL,NULL,'{\"permisaoDelete\": 1, \"permisaoInsert\": 1, \"permisaoSelect\": 1, \"permisaoUpdate\": 1, \"usuarios_idUsuarios\": 4, \"permissoes_idPermissoes\": 2}','avnadmin@187.87.126.14','2025-11-18 19:57:03'),(139,'usuariosPermissoes','INSERT',NULL,NULL,'{\"permisaoDelete\": 1, \"permisaoInsert\": 1, \"permisaoSelect\": 1, \"permisaoUpdate\": 1, \"usuarios_idUsuarios\": 4, \"permissoes_idPermissoes\": 3}','avnadmin@187.87.126.14','2025-11-18 19:57:03'),(140,'usuariosPermissoes','INSERT',NULL,NULL,'{\"permisaoDelete\": 1, \"permisaoInsert\": 1, \"permisaoSelect\": 1, \"permisaoUpdate\": 1, \"usuarios_idUsuarios\": 4, \"permissoes_idPermissoes\": 4}','avnadmin@187.87.126.14','2025-11-18 19:57:03'),(141,'usuariosPermissoes','INSERT',NULL,NULL,'{\"permisaoDelete\": 1, \"permisaoInsert\": 1, \"permisaoSelect\": 1, \"permisaoUpdate\": 1, \"usuarios_idUsuarios\": 4, \"permissoes_idPermissoes\": 5}','avnadmin@187.87.126.14','2025-11-18 19:57:03'),(152,'usuarios','INSERT',10,NULL,'nome=teste5, login=teste5, ativo=1','avnadmin@%','2025-11-18 22:30:03'),(153,'usuarios','INSERT',10,NULL,'{\"nome\": \"teste5\", \"ativo\": 1, \"login\": \"teste5\", \"senha\": \"$2b$10$0RrVjaJO51oPWDlCiaK80eZRdkzpoebL.m./0e54xHOXQTMOkTKdq\", \"idUsuarios\": 10}','avnadmin@189.108.219.66','2025-11-18 22:30:03'),(154,'usuariosPermissoes','INSERT',NULL,NULL,'{\"permisaoDelete\": 0, \"permisaoInsert\": 0, \"permisaoSelect\": 0, \"permisaoUpdate\": 0, \"usuarios_idUsuarios\": 10, \"permissoes_idPermissoes\": 1}','avnadmin@189.108.219.66','2025-11-18 22:30:03'),(155,'usuariosPermissoes','INSERT',NULL,NULL,'{\"permisaoDelete\": 0, \"permisaoInsert\": 0, \"permisaoSelect\": 0, \"permisaoUpdate\": 0, \"usuarios_idUsuarios\": 10, \"permissoes_idPermissoes\": 2}','avnadmin@189.108.219.66','2025-11-18 22:30:03'),(156,'usuariosPermissoes','INSERT',NULL,NULL,'{\"permisaoDelete\": 0, \"permisaoInsert\": 0, \"permisaoSelect\": 0, \"permisaoUpdate\": 0, \"usuarios_idUsuarios\": 10, \"permissoes_idPermissoes\": 3}','avnadmin@189.108.219.66','2025-11-18 22:30:03'),(157,'usuariosPermissoes','INSERT',NULL,NULL,'{\"permisaoDelete\": 0, \"permisaoInsert\": 0, \"permisaoSelect\": 0, \"permisaoUpdate\": 0, \"usuarios_idUsuarios\": 10, \"permissoes_idPermissoes\": 4}','avnadmin@189.108.219.66','2025-11-18 22:30:03'),(158,'usuariosPermissoes','INSERT',NULL,NULL,'{\"permisaoDelete\": 0, \"permisaoInsert\": 0, \"permisaoSelect\": 0, \"permisaoUpdate\": 0, \"usuarios_idUsuarios\": 10, \"permissoes_idPermissoes\": 5}','avnadmin@189.108.219.66','2025-11-18 22:30:03'),(159,'usuariosPermissoes','UPDATE',NULL,'{\"permisaoDelete\": 0, \"permisaoInsert\": 0, \"permisaoSelect\": 0, \"permisaoUpdate\": 0, \"usuarios_idUsuarios\": 10, \"permissoes_idPermissoes\": 1}','{\"permisaoDelete\": 0, \"permisaoInsert\": 0, \"permisaoSelect\": 1, \"permisaoUpdate\": 0, \"usuarios_idUsuarios\": 10, \"permissoes_idPermissoes\": 1}','joao@189.108.219.66','2025-11-18 22:31:13'),(160,'usuariosPermissoes','UPDATE',NULL,'{\"permisaoDelete\": 0, \"permisaoInsert\": 0, \"permisaoSelect\": 0, \"permisaoUpdate\": 0, \"usuarios_idUsuarios\": 10, \"permissoes_idPermissoes\": 2}','{\"permisaoDelete\": 0, \"permisaoInsert\": 0, \"permisaoSelect\": 0, \"permisaoUpdate\": 0, \"usuarios_idUsuarios\": 10, \"permissoes_idPermissoes\": 2}','joao@189.108.219.66','2025-11-18 22:31:13'),(161,'usuariosPermissoes','UPDATE',NULL,'{\"permisaoDelete\": 0, \"permisaoInsert\": 0, \"permisaoSelect\": 0, \"permisaoUpdate\": 0, \"usuarios_idUsuarios\": 10, \"permissoes_idPermissoes\": 3}','{\"permisaoDelete\": 0, \"permisaoInsert\": 0, \"permisaoSelect\": 0, \"permisaoUpdate\": 0, \"usuarios_idUsuarios\": 10, \"permissoes_idPermissoes\": 3}','joao@189.108.219.66','2025-11-18 22:31:13'),(162,'usuariosPermissoes','UPDATE',NULL,'{\"permisaoDelete\": 0, \"permisaoInsert\": 0, \"permisaoSelect\": 0, \"permisaoUpdate\": 0, \"usuarios_idUsuarios\": 10, \"permissoes_idPermissoes\": 4}','{\"permisaoDelete\": 0, \"permisaoInsert\": 0, \"permisaoSelect\": 0, \"permisaoUpdate\": 0, \"usuarios_idUsuarios\": 10, \"permissoes_idPermissoes\": 4}','joao@189.108.219.66','2025-11-18 22:31:13'),(163,'usuariosPermissoes','UPDATE',NULL,'{\"permisaoDelete\": 0, \"permisaoInsert\": 0, \"permisaoSelect\": 0, \"permisaoUpdate\": 0, \"usuarios_idUsuarios\": 10, \"permissoes_idPermissoes\": 5}','{\"permisaoDelete\": 0, \"permisaoInsert\": 0, \"permisaoSelect\": 0, \"permisaoUpdate\": 0, \"usuarios_idUsuarios\": 10, \"permissoes_idPermissoes\": 5}','joao@189.108.219.66','2025-11-18 22:31:13'),(164,'usuariosPermissoes','UPDATE',NULL,'{\"permisaoDelete\": 0, \"permisaoInsert\": 0, \"permisaoSelect\": 1, \"permisaoUpdate\": 0, \"usuarios_idUsuarios\": 10, \"permissoes_idPermissoes\": 1}','{\"permisaoDelete\": 0, \"permisaoInsert\": 0, \"permisaoSelect\": 1, \"permisaoUpdate\": 0, \"usuarios_idUsuarios\": 10, \"permissoes_idPermissoes\": 1}','joao@189.108.219.66','2025-11-18 22:31:14'),(165,'usuariosPermissoes','UPDATE',NULL,'{\"permisaoDelete\": 0, \"permisaoInsert\": 0, \"permisaoSelect\": 0, \"permisaoUpdate\": 0, \"usuarios_idUsuarios\": 10, \"permissoes_idPermissoes\": 2}','{\"permisaoDelete\": 0, \"permisaoInsert\": 0, \"permisaoSelect\": 0, \"permisaoUpdate\": 0, \"usuarios_idUsuarios\": 10, \"permissoes_idPermissoes\": 2}','joao@189.108.219.66','2025-11-18 22:31:14'),(166,'usuariosPermissoes','UPDATE',NULL,'{\"permisaoDelete\": 0, \"permisaoInsert\": 0, \"permisaoSelect\": 0, \"permisaoUpdate\": 0, \"usuarios_idUsuarios\": 10, \"permissoes_idPermissoes\": 3}','{\"permisaoDelete\": 0, \"permisaoInsert\": 0, \"permisaoSelect\": 1, \"permisaoUpdate\": 0, \"usuarios_idUsuarios\": 10, \"permissoes_idPermissoes\": 3}','joao@189.108.219.66','2025-11-18 22:31:15'),(167,'usuariosPermissoes','UPDATE',NULL,'{\"permisaoDelete\": 0, \"permisaoInsert\": 0, \"permisaoSelect\": 0, \"permisaoUpdate\": 0, \"usuarios_idUsuarios\": 10, \"permissoes_idPermissoes\": 4}','{\"permisaoDelete\": 0, \"permisaoInsert\": 0, \"permisaoSelect\": 0, \"permisaoUpdate\": 0, \"usuarios_idUsuarios\": 10, \"permissoes_idPermissoes\": 4}','joao@189.108.219.66','2025-11-18 22:31:15'),(168,'usuariosPermissoes','UPDATE',NULL,'{\"permisaoDelete\": 0, \"permisaoInsert\": 0, \"permisaoSelect\": 0, \"permisaoUpdate\": 0, \"usuarios_idUsuarios\": 10, \"permissoes_idPermissoes\": 5}','{\"permisaoDelete\": 0, \"permisaoInsert\": 0, \"permisaoSelect\": 0, \"permisaoUpdate\": 0, \"usuarios_idUsuarios\": 10, \"permissoes_idPermissoes\": 5}','joao@189.108.219.66','2025-11-18 22:31:15'),(169,'usuariosPermissoes','UPDATE',NULL,'{\"permisaoDelete\": 0, \"permisaoInsert\": 0, \"permisaoSelect\": 1, \"permisaoUpdate\": 0, \"usuarios_idUsuarios\": 10, \"permissoes_idPermissoes\": 1}','{\"permisaoDelete\": 0, \"permisaoInsert\": 0, \"permisaoSelect\": 1, \"permisaoUpdate\": 0, \"usuarios_idUsuarios\": 10, \"permissoes_idPermissoes\": 1}','joao@189.108.219.66','2025-11-18 22:31:15'),(170,'usuariosPermissoes','UPDATE',NULL,'{\"permisaoDelete\": 0, \"permisaoInsert\": 0, \"permisaoSelect\": 0, \"permisaoUpdate\": 0, \"usuarios_idUsuarios\": 10, \"permissoes_idPermissoes\": 2}','{\"permisaoDelete\": 0, \"permisaoInsert\": 0, \"permisaoSelect\": 0, \"permisaoUpdate\": 0, \"usuarios_idUsuarios\": 10, \"permissoes_idPermissoes\": 2}','joao@189.108.219.66','2025-11-18 22:31:16'),(171,'usuariosPermissoes','UPDATE',NULL,'{\"permisaoDelete\": 0, \"permisaoInsert\": 0, \"permisaoSelect\": 1, \"permisaoUpdate\": 0, \"usuarios_idUsuarios\": 10, \"permissoes_idPermissoes\": 3}','{\"permisaoDelete\": 0, \"permisaoInsert\": 0, \"permisaoSelect\": 1, \"permisaoUpdate\": 0, \"usuarios_idUsuarios\": 10, \"permissoes_idPermissoes\": 3}','joao@189.108.219.66','2025-11-18 22:31:16'),(172,'usuariosPermissoes','UPDATE',NULL,'{\"permisaoDelete\": 0, \"permisaoInsert\": 0, \"permisaoSelect\": 0, \"permisaoUpdate\": 0, \"usuarios_idUsuarios\": 10, \"permissoes_idPermissoes\": 4}','{\"permisaoDelete\": 0, \"permisaoInsert\": 0, \"permisaoSelect\": 1, \"permisaoUpdate\": 0, \"usuarios_idUsuarios\": 10, \"permissoes_idPermissoes\": 4}','joao@189.108.219.66','2025-11-18 22:31:16'),(173,'usuariosPermissoes','UPDATE',NULL,'{\"permisaoDelete\": 0, \"permisaoInsert\": 0, \"permisaoSelect\": 0, \"permisaoUpdate\": 0, \"usuarios_idUsuarios\": 10, \"permissoes_idPermissoes\": 5}','{\"permisaoDelete\": 0, \"permisaoInsert\": 0, \"permisaoSelect\": 0, \"permisaoUpdate\": 0, \"usuarios_idUsuarios\": 10, \"permissoes_idPermissoes\": 5}','joao@189.108.219.66','2025-11-18 22:31:16'),(174,'usuarios','INSERT',11,NULL,'nome=teste6, login=teste6, ativo=1','avnadmin@%','2025-11-18 22:46:16'),(175,'usuarios','INSERT',11,NULL,'{\"nome\": \"teste6\", \"ativo\": 1, \"login\": \"teste6\", \"senha\": \"$2b$10$W0niqeBD82WTDxmEVw/qJuJR.luSri7k5DJWVqtuCdfrTzyLoFnhi\", \"idUsuarios\": 11}','joao@189.108.219.66','2025-11-18 22:46:16'),(176,'usuariosPermissoes','INSERT',NULL,NULL,'{\"permisaoDelete\": 0, \"permisaoInsert\": 0, \"permisaoSelect\": 0, \"permisaoUpdate\": 0, \"usuarios_idUsuarios\": 11, \"permissoes_idPermissoes\": 1}','joao@189.108.219.66','2025-11-18 22:46:17'),(177,'usuariosPermissoes','INSERT',NULL,NULL,'{\"permisaoDelete\": 0, \"permisaoInsert\": 0, \"permisaoSelect\": 0, \"permisaoUpdate\": 0, \"usuarios_idUsuarios\": 11, \"permissoes_idPermissoes\": 2}','joao@189.108.219.66','2025-11-18 22:46:17'),(178,'usuariosPermissoes','INSERT',NULL,NULL,'{\"permisaoDelete\": 0, \"permisaoInsert\": 0, \"permisaoSelect\": 0, \"permisaoUpdate\": 0, \"usuarios_idUsuarios\": 11, \"permissoes_idPermissoes\": 3}','joao@189.108.219.66','2025-11-18 22:46:17'),(179,'usuariosPermissoes','INSERT',NULL,NULL,'{\"permisaoDelete\": 0, \"permisaoInsert\": 0, \"permisaoSelect\": 0, \"permisaoUpdate\": 0, \"usuarios_idUsuarios\": 11, \"permissoes_idPermissoes\": 4}','joao@189.108.219.66','2025-11-18 22:46:17'),(180,'usuariosPermissoes','INSERT',NULL,NULL,'{\"permisaoDelete\": 0, \"permisaoInsert\": 0, \"permisaoSelect\": 0, \"permisaoUpdate\": 0, \"usuarios_idUsuarios\": 11, \"permissoes_idPermissoes\": 5}','joao@189.108.219.66','2025-11-18 22:46:17'),(181,'usuarios','INSERT',12,NULL,'nome=teste10, login=teste10, ativo=1','avnadmin@%','2025-11-18 23:45:15'),(182,'usuarios','INSERT',12,NULL,'{\"nome\": \"teste10\", \"ativo\": 1, \"login\": \"teste10\", \"senha\": \"$2b$10$MQhuyiFN82H89qXF0k.P0e0/5JODjJiGiZFlCBMaRRSXjTYF5J.oy\", \"idUsuarios\": 12}','joao@189.108.219.66','2025-11-18 23:45:15'),(183,'usuariosPermissoes','INSERT',NULL,NULL,'{\"permisaoDelete\": 0, \"permisaoInsert\": 0, \"permisaoSelect\": 0, \"permisaoUpdate\": 0, \"usuarios_idUsuarios\": 12, \"permissoes_idPermissoes\": 1}','joao@189.108.219.66','2025-11-18 23:45:15'),(184,'usuariosPermissoes','INSERT',NULL,NULL,'{\"permisaoDelete\": 0, \"permisaoInsert\": 0, \"permisaoSelect\": 0, \"permisaoUpdate\": 0, \"usuarios_idUsuarios\": 12, \"permissoes_idPermissoes\": 2}','joao@189.108.219.66','2025-11-18 23:45:15'),(185,'usuariosPermissoes','INSERT',NULL,NULL,'{\"permisaoDelete\": 0, \"permisaoInsert\": 0, \"permisaoSelect\": 0, \"permisaoUpdate\": 0, \"usuarios_idUsuarios\": 12, \"permissoes_idPermissoes\": 3}','joao@189.108.219.66','2025-11-18 23:45:15'),(186,'usuariosPermissoes','INSERT',NULL,NULL,'{\"permisaoDelete\": 0, \"permisaoInsert\": 0, \"permisaoSelect\": 0, \"permisaoUpdate\": 0, \"usuarios_idUsuarios\": 12, \"permissoes_idPermissoes\": 4}','joao@189.108.219.66','2025-11-18 23:45:15'),(187,'usuariosPermissoes','INSERT',NULL,NULL,'{\"permisaoDelete\": 0, \"permisaoInsert\": 0, \"permisaoSelect\": 0, \"permisaoUpdate\": 0, \"usuarios_idUsuarios\": 12, \"permissoes_idPermissoes\": 5}','joao@189.108.219.66','2025-11-18 23:45:16'),(188,'usuariosPermissoes','UPDATE',NULL,'{\"permisaoDelete\": 0, \"permisaoInsert\": 0, \"permisaoSelect\": 1, \"permisaoUpdate\": 0, \"usuarios_idUsuarios\": 10, \"permissoes_idPermissoes\": 1}','{\"permisaoDelete\": 0, \"permisaoInsert\": 0, \"permisaoSelect\": 1, \"permisaoUpdate\": 0, \"usuarios_idUsuarios\": 10, \"permissoes_idPermissoes\": 1}','joao@189.108.219.66','2025-11-18 23:47:02'),(189,'usuariosPermissoes','UPDATE',NULL,'{\"permisaoDelete\": 0, \"permisaoInsert\": 0, \"permisaoSelect\": 0, \"permisaoUpdate\": 0, \"usuarios_idUsuarios\": 10, \"permissoes_idPermissoes\": 2}','{\"permisaoDelete\": 0, \"permisaoInsert\": 0, \"permisaoSelect\": 0, \"permisaoUpdate\": 0, \"usuarios_idUsuarios\": 10, \"permissoes_idPermissoes\": 2}','joao@189.108.219.66','2025-11-18 23:47:02'),(190,'usuariosPermissoes','UPDATE',NULL,'{\"permisaoDelete\": 0, \"permisaoInsert\": 0, \"permisaoSelect\": 1, \"permisaoUpdate\": 0, \"usuarios_idUsuarios\": 10, \"permissoes_idPermissoes\": 3}','{\"permisaoDelete\": 0, \"permisaoInsert\": 0, \"permisaoSelect\": 1, \"permisaoUpdate\": 0, \"usuarios_idUsuarios\": 10, \"permissoes_idPermissoes\": 3}','joao@189.108.219.66','2025-11-18 23:47:02'),(191,'usuariosPermissoes','UPDATE',NULL,'{\"permisaoDelete\": 0, \"permisaoInsert\": 0, \"permisaoSelect\": 1, \"permisaoUpdate\": 0, \"usuarios_idUsuarios\": 10, \"permissoes_idPermissoes\": 4}','{\"permisaoDelete\": 0, \"permisaoInsert\": 1, \"permisaoSelect\": 1, \"permisaoUpdate\": 0, \"usuarios_idUsuarios\": 10, \"permissoes_idPermissoes\": 4}','joao@189.108.219.66','2025-11-18 23:47:02'),(192,'usuariosPermissoes','UPDATE',NULL,'{\"permisaoDelete\": 0, \"permisaoInsert\": 0, \"permisaoSelect\": 0, \"permisaoUpdate\": 0, \"usuarios_idUsuarios\": 10, \"permissoes_idPermissoes\": 5}','{\"permisaoDelete\": 0, \"permisaoInsert\": 0, \"permisaoSelect\": 0, \"permisaoUpdate\": 0, \"usuarios_idUsuarios\": 10, \"permissoes_idPermissoes\": 5}','joao@189.108.219.66','2025-11-18 23:47:02'),(193,'usuariosPermissoes','UPDATE',NULL,'{\"permisaoDelete\": 0, \"permisaoInsert\": 0, \"permisaoSelect\": 1, \"permisaoUpdate\": 0, \"usuarios_idUsuarios\": 10, \"permissoes_idPermissoes\": 1}','{\"permisaoDelete\": 0, \"permisaoInsert\": 0, \"permisaoSelect\": 1, \"permisaoUpdate\": 0, \"usuarios_idUsuarios\": 10, \"permissoes_idPermissoes\": 1}','joao@189.108.219.66','2025-11-18 23:47:02'),(194,'usuariosPermissoes','UPDATE',NULL,'{\"permisaoDelete\": 0, \"permisaoInsert\": 0, \"permisaoSelect\": 0, \"permisaoUpdate\": 0, \"usuarios_idUsuarios\": 10, \"permissoes_idPermissoes\": 2}','{\"permisaoDelete\": 0, \"permisaoInsert\": 0, \"permisaoSelect\": 0, \"permisaoUpdate\": 0, \"usuarios_idUsuarios\": 10, \"permissoes_idPermissoes\": 2}','joao@189.108.219.66','2025-11-18 23:47:02'),(195,'usuariosPermissoes','UPDATE',NULL,'{\"permisaoDelete\": 0, \"permisaoInsert\": 0, \"permisaoSelect\": 1, \"permisaoUpdate\": 0, \"usuarios_idUsuarios\": 10, \"permissoes_idPermissoes\": 3}','{\"permisaoDelete\": 0, \"permisaoInsert\": 0, \"permisaoSelect\": 1, \"permisaoUpdate\": 0, \"usuarios_idUsuarios\": 10, \"permissoes_idPermissoes\": 3}','joao@189.108.219.66','2025-11-18 23:47:03'),(196,'usuariosPermissoes','UPDATE',NULL,'{\"permisaoDelete\": 0, \"permisaoInsert\": 1, \"permisaoSelect\": 1, \"permisaoUpdate\": 0, \"usuarios_idUsuarios\": 10, \"permissoes_idPermissoes\": 4}','{\"permisaoDelete\": 0, \"permisaoInsert\": 1, \"permisaoSelect\": 1, \"permisaoUpdate\": 1, \"usuarios_idUsuarios\": 10, \"permissoes_idPermissoes\": 4}','joao@189.108.219.66','2025-11-18 23:47:03'),(197,'usuariosPermissoes','UPDATE',NULL,'{\"permisaoDelete\": 0, \"permisaoInsert\": 0, \"permisaoSelect\": 0, \"permisaoUpdate\": 0, \"usuarios_idUsuarios\": 10, \"permissoes_idPermissoes\": 5}','{\"permisaoDelete\": 0, \"permisaoInsert\": 0, \"permisaoSelect\": 0, \"permisaoUpdate\": 0, \"usuarios_idUsuarios\": 10, \"permissoes_idPermissoes\": 5}','joao@189.108.219.66','2025-11-18 23:47:03'),(198,'usuariosPermissoes','UPDATE',NULL,'{\"permisaoDelete\": 0, \"permisaoInsert\": 0, \"permisaoSelect\": 1, \"permisaoUpdate\": 0, \"usuarios_idUsuarios\": 10, \"permissoes_idPermissoes\": 1}','{\"permisaoDelete\": 0, \"permisaoInsert\": 0, \"permisaoSelect\": 1, \"permisaoUpdate\": 0, \"usuarios_idUsuarios\": 10, \"permissoes_idPermissoes\": 1}','joao@189.108.219.66','2025-11-18 23:47:03'),(199,'usuariosPermissoes','UPDATE',NULL,'{\"permisaoDelete\": 0, \"permisaoInsert\": 0, \"permisaoSelect\": 0, \"permisaoUpdate\": 0, \"usuarios_idUsuarios\": 10, \"permissoes_idPermissoes\": 2}','{\"permisaoDelete\": 0, \"permisaoInsert\": 0, \"permisaoSelect\": 0, \"permisaoUpdate\": 0, \"usuarios_idUsuarios\": 10, \"permissoes_idPermissoes\": 2}','joao@189.108.219.66','2025-11-18 23:47:03'),(200,'usuariosPermissoes','UPDATE',NULL,'{\"permisaoDelete\": 0, \"permisaoInsert\": 0, \"permisaoSelect\": 1, \"permisaoUpdate\": 0, \"usuarios_idUsuarios\": 10, \"permissoes_idPermissoes\": 3}','{\"permisaoDelete\": 0, \"permisaoInsert\": 0, \"permisaoSelect\": 1, \"permisaoUpdate\": 0, \"usuarios_idUsuarios\": 10, \"permissoes_idPermissoes\": 3}','joao@189.108.219.66','2025-11-18 23:47:03'),(201,'usuariosPermissoes','UPDATE',NULL,'{\"permisaoDelete\": 0, \"permisaoInsert\": 1, \"permisaoSelect\": 1, \"permisaoUpdate\": 1, \"usuarios_idUsuarios\": 10, \"permissoes_idPermissoes\": 4}','{\"permisaoDelete\": 1, \"permisaoInsert\": 1, \"permisaoSelect\": 1, \"permisaoUpdate\": 1, \"usuarios_idUsuarios\": 10, \"permissoes_idPermissoes\": 4}','joao@189.108.219.66','2025-11-18 23:47:04'),(202,'usuariosPermissoes','UPDATE',NULL,'{\"permisaoDelete\": 0, \"permisaoInsert\": 0, \"permisaoSelect\": 0, \"permisaoUpdate\": 0, \"usuarios_idUsuarios\": 10, \"permissoes_idPermissoes\": 5}','{\"permisaoDelete\": 0, \"permisaoInsert\": 0, \"permisaoSelect\": 0, \"permisaoUpdate\": 0, \"usuarios_idUsuarios\": 10, \"permissoes_idPermissoes\": 5}','joao@189.108.219.66','2025-11-18 23:47:04'),(203,'usuariosPermissoes','UPDATE',NULL,'{\"permisaoDelete\": 0, \"permisaoInsert\": 0, \"permisaoSelect\": 1, \"permisaoUpdate\": 0, \"usuarios_idUsuarios\": 10, \"permissoes_idPermissoes\": 1}','{\"permisaoDelete\": 0, \"permisaoInsert\": 1, \"permisaoSelect\": 1, \"permisaoUpdate\": 0, \"usuarios_idUsuarios\": 10, \"permissoes_idPermissoes\": 1}','joao@189.108.219.66','2025-11-18 23:48:07'),(204,'usuariosPermissoes','UPDATE',NULL,'{\"permisaoDelete\": 0, \"permisaoInsert\": 0, \"permisaoSelect\": 0, \"permisaoUpdate\": 0, \"usuarios_idUsuarios\": 10, \"permissoes_idPermissoes\": 2}','{\"permisaoDelete\": 0, \"permisaoInsert\": 0, \"permisaoSelect\": 0, \"permisaoUpdate\": 0, \"usuarios_idUsuarios\": 10, \"permissoes_idPermissoes\": 2}','joao@189.108.219.66','2025-11-18 23:48:08'),(205,'usuariosPermissoes','UPDATE',NULL,'{\"permisaoDelete\": 0, \"permisaoInsert\": 0, \"permisaoSelect\": 1, \"permisaoUpdate\": 0, \"usuarios_idUsuarios\": 10, \"permissoes_idPermissoes\": 3}','{\"permisaoDelete\": 0, \"permisaoInsert\": 0, \"permisaoSelect\": 1, \"permisaoUpdate\": 0, \"usuarios_idUsuarios\": 10, \"permissoes_idPermissoes\": 3}','joao@189.108.219.66','2025-11-18 23:48:08'),(206,'usuariosPermissoes','UPDATE',NULL,'{\"permisaoDelete\": 1, \"permisaoInsert\": 1, \"permisaoSelect\": 1, \"permisaoUpdate\": 1, \"usuarios_idUsuarios\": 10, \"permissoes_idPermissoes\": 4}','{\"permisaoDelete\": 1, \"permisaoInsert\": 1, \"permisaoSelect\": 1, \"permisaoUpdate\": 1, \"usuarios_idUsuarios\": 10, \"permissoes_idPermissoes\": 4}','joao@189.108.219.66','2025-11-18 23:48:08'),(207,'usuariosPermissoes','UPDATE',NULL,'{\"permisaoDelete\": 0, \"permisaoInsert\": 0, \"permisaoSelect\": 0, \"permisaoUpdate\": 0, \"usuarios_idUsuarios\": 10, \"permissoes_idPermissoes\": 5}','{\"permisaoDelete\": 0, \"permisaoInsert\": 0, \"permisaoSelect\": 0, \"permisaoUpdate\": 0, \"usuarios_idUsuarios\": 10, \"permissoes_idPermissoes\": 5}','joao@189.108.219.66','2025-11-18 23:48:08'),(208,'usuariosPermissoes','UPDATE',NULL,'{\"permisaoDelete\": 0, \"permisaoInsert\": 1, \"permisaoSelect\": 1, \"permisaoUpdate\": 0, \"usuarios_idUsuarios\": 10, \"permissoes_idPermissoes\": 1}','{\"permisaoDelete\": 0, \"permisaoInsert\": 0, \"permisaoSelect\": 1, \"permisaoUpdate\": 0, \"usuarios_idUsuarios\": 10, \"permissoes_idPermissoes\": 1}','joao@189.108.219.66','2025-11-18 23:48:08'),(209,'usuariosPermissoes','UPDATE',NULL,'{\"permisaoDelete\": 0, \"permisaoInsert\": 0, \"permisaoSelect\": 0, \"permisaoUpdate\": 0, \"usuarios_idUsuarios\": 10, \"permissoes_idPermissoes\": 2}','{\"permisaoDelete\": 0, \"permisaoInsert\": 0, \"permisaoSelect\": 0, \"permisaoUpdate\": 0, \"usuarios_idUsuarios\": 10, \"permissoes_idPermissoes\": 2}','joao@189.108.219.66','2025-11-18 23:48:08'),(210,'usuariosPermissoes','UPDATE',NULL,'{\"permisaoDelete\": 0, \"permisaoInsert\": 0, \"permisaoSelect\": 1, \"permisaoUpdate\": 0, \"usuarios_idUsuarios\": 10, \"permissoes_idPermissoes\": 3}','{\"permisaoDelete\": 0, \"permisaoInsert\": 0, \"permisaoSelect\": 1, \"permisaoUpdate\": 0, \"usuarios_idUsuarios\": 10, \"permissoes_idPermissoes\": 3}','joao@189.108.219.66','2025-11-18 23:48:09'),(211,'usuariosPermissoes','UPDATE',NULL,'{\"permisaoDelete\": 1, \"permisaoInsert\": 1, \"permisaoSelect\": 1, \"permisaoUpdate\": 1, \"usuarios_idUsuarios\": 10, \"permissoes_idPermissoes\": 4}','{\"permisaoDelete\": 1, \"permisaoInsert\": 1, \"permisaoSelect\": 1, \"permisaoUpdate\": 1, \"usuarios_idUsuarios\": 10, \"permissoes_idPermissoes\": 4}','joao@189.108.219.66','2025-11-18 23:48:09'),(212,'usuariosPermissoes','UPDATE',NULL,'{\"permisaoDelete\": 0, \"permisaoInsert\": 0, \"permisaoSelect\": 0, \"permisaoUpdate\": 0, \"usuarios_idUsuarios\": 10, \"permissoes_idPermissoes\": 5}','{\"permisaoDelete\": 0, \"permisaoInsert\": 0, \"permisaoSelect\": 0, \"permisaoUpdate\": 0, \"usuarios_idUsuarios\": 10, \"permissoes_idPermissoes\": 5}','joao@189.108.219.66','2025-11-18 23:48:09'),(213,'usuariosPermissoes','UPDATE',NULL,'{\"permisaoDelete\": 0, \"permisaoInsert\": 0, \"permisaoSelect\": 1, \"permisaoUpdate\": 0, \"usuarios_idUsuarios\": 10, \"permissoes_idPermissoes\": 1}','{\"permisaoDelete\": 0, \"permisaoInsert\": 0, \"permisaoSelect\": 1, \"permisaoUpdate\": 1, \"usuarios_idUsuarios\": 10, \"permissoes_idPermissoes\": 1}','joao@189.108.219.66','2025-11-18 23:48:12'),(214,'usuariosPermissoes','UPDATE',NULL,'{\"permisaoDelete\": 0, \"permisaoInsert\": 0, \"permisaoSelect\": 0, \"permisaoUpdate\": 0, \"usuarios_idUsuarios\": 10, \"permissoes_idPermissoes\": 2}','{\"permisaoDelete\": 0, \"permisaoInsert\": 0, \"permisaoSelect\": 0, \"permisaoUpdate\": 0, \"usuarios_idUsuarios\": 10, \"permissoes_idPermissoes\": 2}','joao@189.108.219.66','2025-11-18 23:48:12'),(215,'usuariosPermissoes','UPDATE',NULL,'{\"permisaoDelete\": 0, \"permisaoInsert\": 0, \"permisaoSelect\": 1, \"permisaoUpdate\": 0, \"usuarios_idUsuarios\": 10, \"permissoes_idPermissoes\": 3}','{\"permisaoDelete\": 0, \"permisaoInsert\": 0, \"permisaoSelect\": 1, \"permisaoUpdate\": 0, \"usuarios_idUsuarios\": 10, \"permissoes_idPermissoes\": 3}','joao@189.108.219.66','2025-11-18 23:48:12'),(216,'usuariosPermissoes','UPDATE',NULL,'{\"permisaoDelete\": 1, \"permisaoInsert\": 1, \"permisaoSelect\": 1, \"permisaoUpdate\": 1, \"usuarios_idUsuarios\": 10, \"permissoes_idPermissoes\": 4}','{\"permisaoDelete\": 1, \"permisaoInsert\": 1, \"permisaoSelect\": 1, \"permisaoUpdate\": 1, \"usuarios_idUsuarios\": 10, \"permissoes_idPermissoes\": 4}','joao@189.108.219.66','2025-11-18 23:48:13'),(217,'usuariosPermissoes','UPDATE',NULL,'{\"permisaoDelete\": 0, \"permisaoInsert\": 0, \"permisaoSelect\": 0, \"permisaoUpdate\": 0, \"usuarios_idUsuarios\": 10, \"permissoes_idPermissoes\": 5}','{\"permisaoDelete\": 0, \"permisaoInsert\": 0, \"permisaoSelect\": 0, \"permisaoUpdate\": 0, \"usuarios_idUsuarios\": 10, \"permissoes_idPermissoes\": 5}','joao@189.108.219.66','2025-11-18 23:48:13'),(218,'usuariosPermissoes','UPDATE',NULL,'{\"permisaoDelete\": 0, \"permisaoInsert\": 0, \"permisaoSelect\": 1, \"permisaoUpdate\": 1, \"usuarios_idUsuarios\": 10, \"permissoes_idPermissoes\": 1}','{\"permisaoDelete\": 0, \"permisaoInsert\": 0, \"permisaoSelect\": 1, \"permisaoUpdate\": 0, \"usuarios_idUsuarios\": 10, \"permissoes_idPermissoes\": 1}','joao@189.108.219.66','2025-11-18 23:48:23'),(219,'usuariosPermissoes','UPDATE',NULL,'{\"permisaoDelete\": 0, \"permisaoInsert\": 0, \"permisaoSelect\": 0, \"permisaoUpdate\": 0, \"usuarios_idUsuarios\": 10, \"permissoes_idPermissoes\": 2}','{\"permisaoDelete\": 0, \"permisaoInsert\": 0, \"permisaoSelect\": 0, \"permisaoUpdate\": 0, \"usuarios_idUsuarios\": 10, \"permissoes_idPermissoes\": 2}','joao@189.108.219.66','2025-11-18 23:48:23'),(220,'usuariosPermissoes','UPDATE',NULL,'{\"permisaoDelete\": 0, \"permisaoInsert\": 0, \"permisaoSelect\": 1, \"permisaoUpdate\": 0, \"usuarios_idUsuarios\": 10, \"permissoes_idPermissoes\": 3}','{\"permisaoDelete\": 0, \"permisaoInsert\": 0, \"permisaoSelect\": 1, \"permisaoUpdate\": 0, \"usuarios_idUsuarios\": 10, \"permissoes_idPermissoes\": 3}','joao@189.108.219.66','2025-11-18 23:48:23'),(221,'usuariosPermissoes','UPDATE',NULL,'{\"permisaoDelete\": 1, \"permisaoInsert\": 1, \"permisaoSelect\": 1, \"permisaoUpdate\": 1, \"usuarios_idUsuarios\": 10, \"permissoes_idPermissoes\": 4}','{\"permisaoDelete\": 1, \"permisaoInsert\": 1, \"permisaoSelect\": 1, \"permisaoUpdate\": 1, \"usuarios_idUsuarios\": 10, \"permissoes_idPermissoes\": 4}','joao@189.108.219.66','2025-11-18 23:48:23'),(222,'usuariosPermissoes','UPDATE',NULL,'{\"permisaoDelete\": 0, \"permisaoInsert\": 0, \"permisaoSelect\": 0, \"permisaoUpdate\": 0, \"usuarios_idUsuarios\": 10, \"permissoes_idPermissoes\": 5}','{\"permisaoDelete\": 0, \"permisaoInsert\": 0, \"permisaoSelect\": 0, \"permisaoUpdate\": 0, \"usuarios_idUsuarios\": 10, \"permissoes_idPermissoes\": 5}','joao@189.108.219.66','2025-11-18 23:48:23'),(223,'usuariosPermissoes','UPDATE',NULL,'{\"permisaoDelete\": 0, \"permisaoInsert\": 0, \"permisaoSelect\": 1, \"permisaoUpdate\": 0, \"usuarios_idUsuarios\": 10, \"permissoes_idPermissoes\": 1}','{\"permisaoDelete\": 0, \"permisaoInsert\": 1, \"permisaoSelect\": 1, \"permisaoUpdate\": 0, \"usuarios_idUsuarios\": 10, \"permissoes_idPermissoes\": 1}','joao@189.108.219.66','2025-11-18 23:48:24'),(224,'usuariosPermissoes','UPDATE',NULL,'{\"permisaoDelete\": 0, \"permisaoInsert\": 0, \"permisaoSelect\": 0, \"permisaoUpdate\": 0, \"usuarios_idUsuarios\": 10, \"permissoes_idPermissoes\": 2}','{\"permisaoDelete\": 0, \"permisaoInsert\": 0, \"permisaoSelect\": 0, \"permisaoUpdate\": 0, \"usuarios_idUsuarios\": 10, \"permissoes_idPermissoes\": 2}','joao@189.108.219.66','2025-11-18 23:48:24'),(225,'usuariosPermissoes','UPDATE',NULL,'{\"permisaoDelete\": 0, \"permisaoInsert\": 0, \"permisaoSelect\": 1, \"permisaoUpdate\": 0, \"usuarios_idUsuarios\": 10, \"permissoes_idPermissoes\": 3}','{\"permisaoDelete\": 0, \"permisaoInsert\": 0, \"permisaoSelect\": 1, \"permisaoUpdate\": 0, \"usuarios_idUsuarios\": 10, \"permissoes_idPermissoes\": 3}','joao@189.108.219.66','2025-11-18 23:48:24'),(226,'usuariosPermissoes','UPDATE',NULL,'{\"permisaoDelete\": 1, \"permisaoInsert\": 1, \"permisaoSelect\": 1, \"permisaoUpdate\": 1, \"usuarios_idUsuarios\": 10, \"permissoes_idPermissoes\": 4}','{\"permisaoDelete\": 1, \"permisaoInsert\": 1, \"permisaoSelect\": 1, \"permisaoUpdate\": 1, \"usuarios_idUsuarios\": 10, \"permissoes_idPermissoes\": 4}','joao@189.108.219.66','2025-11-18 23:48:24'),(227,'usuariosPermissoes','UPDATE',NULL,'{\"permisaoDelete\": 0, \"permisaoInsert\": 0, \"permisaoSelect\": 0, \"permisaoUpdate\": 0, \"usuarios_idUsuarios\": 10, \"permissoes_idPermissoes\": 5}','{\"permisaoDelete\": 0, \"permisaoInsert\": 0, \"permisaoSelect\": 0, \"permisaoUpdate\": 0, \"usuarios_idUsuarios\": 10, \"permissoes_idPermissoes\": 5}','joao@189.108.219.66','2025-11-18 23:48:24'),(228,'usuariosPermissoes','UPDATE',NULL,'{\"permisaoDelete\": 0, \"permisaoInsert\": 1, \"permisaoSelect\": 1, \"permisaoUpdate\": 0, \"usuarios_idUsuarios\": 10, \"permissoes_idPermissoes\": 1}','{\"permisaoDelete\": 0, \"permisaoInsert\": 1, \"permisaoSelect\": 1, \"permisaoUpdate\": 0, \"usuarios_idUsuarios\": 10, \"permissoes_idPermissoes\": 1}','joao@189.108.219.66','2025-11-18 23:50:02'),(229,'usuariosPermissoes','UPDATE',NULL,'{\"permisaoDelete\": 0, \"permisaoInsert\": 0, \"permisaoSelect\": 0, \"permisaoUpdate\": 0, \"usuarios_idUsuarios\": 10, \"permissoes_idPermissoes\": 2}','{\"permisaoDelete\": 0, \"permisaoInsert\": 0, \"permisaoSelect\": 0, \"permisaoUpdate\": 0, \"usuarios_idUsuarios\": 10, \"permissoes_idPermissoes\": 2}','joao@189.108.219.66','2025-11-18 23:50:02'),(230,'usuariosPermissoes','UPDATE',NULL,'{\"permisaoDelete\": 0, \"permisaoInsert\": 0, \"permisaoSelect\": 1, \"permisaoUpdate\": 0, \"usuarios_idUsuarios\": 10, \"permissoes_idPermissoes\": 3}','{\"permisaoDelete\": 0, \"permisaoInsert\": 1, \"permisaoSelect\": 1, \"permisaoUpdate\": 0, \"usuarios_idUsuarios\": 10, \"permissoes_idPermissoes\": 3}','joao@189.108.219.66','2025-11-18 23:50:02'),(231,'usuariosPermissoes','UPDATE',NULL,'{\"permisaoDelete\": 1, \"permisaoInsert\": 1, \"permisaoSelect\": 1, \"permisaoUpdate\": 1, \"usuarios_idUsuarios\": 10, \"permissoes_idPermissoes\": 4}','{\"permisaoDelete\": 1, \"permisaoInsert\": 1, \"permisaoSelect\": 1, \"permisaoUpdate\": 1, \"usuarios_idUsuarios\": 10, \"permissoes_idPermissoes\": 4}','joao@189.108.219.66','2025-11-18 23:50:02'),(232,'usuariosPermissoes','UPDATE',NULL,'{\"permisaoDelete\": 0, \"permisaoInsert\": 0, \"permisaoSelect\": 0, \"permisaoUpdate\": 0, \"usuarios_idUsuarios\": 10, \"permissoes_idPermissoes\": 5}','{\"permisaoDelete\": 0, \"permisaoInsert\": 0, \"permisaoSelect\": 0, \"permisaoUpdate\": 0, \"usuarios_idUsuarios\": 10, \"permissoes_idPermissoes\": 5}','joao@189.108.219.66','2025-11-18 23:50:03'),(233,'vendas','INSERT',6,NULL,'{\"nome\": \"Rui\", \"status\": \"pendente\", \"idVendas\": 6, \"dataVenda\": \"2025-11-18 23:50:40\", \"usuarios_idUsuarios\": 10}','teste5@186.201.135.82','2025-11-18 23:50:40'),(234,'itensVendas','INSERT',12,NULL,'{\"quantidade\": 1.0, \"idItensVendas\": 12, \"precoUnitario\": 12.45, \"vendas_idVendas\": 6, \"produtos_idProdutos\": 10}','teste5@186.201.135.82','2025-11-18 23:50:40'),(235,'estoque','UPDATE',4,'{\"qtdAtual\": 2000.0, \"idEstoque\": 4, \"qtdMinima\": 1000.0, \"ingredientes_idIngredientes\": 4}','{\"qtdAtual\": 1800.0, \"idEstoque\": 4, \"qtdMinima\": 1000.0, \"ingredientes_idIngredientes\": 4}','teste5@186.201.135.82','2025-11-18 23:50:42'),(236,'usuariosPermissoes','UPDATE',NULL,'{\"permisaoDelete\": 0, \"permisaoInsert\": 1, \"permisaoSelect\": 1, \"permisaoUpdate\": 0, \"usuarios_idUsuarios\": 10, \"permissoes_idPermissoes\": 1}','{\"permisaoDelete\": 0, \"permisaoInsert\": 1, \"permisaoSelect\": 1, \"permisaoUpdate\": 0, \"usuarios_idUsuarios\": 10, \"permissoes_idPermissoes\": 1}','joao@189.108.219.66','2025-11-18 23:52:24'),(237,'usuariosPermissoes','UPDATE',NULL,'{\"permisaoDelete\": 0, \"permisaoInsert\": 0, \"permisaoSelect\": 0, \"permisaoUpdate\": 0, \"usuarios_idUsuarios\": 10, \"permissoes_idPermissoes\": 2}','{\"permisaoDelete\": 0, \"permisaoInsert\": 0, \"permisaoSelect\": 0, \"permisaoUpdate\": 0, \"usuarios_idUsuarios\": 10, \"permissoes_idPermissoes\": 2}','joao@189.108.219.66','2025-11-18 23:52:24'),(238,'usuariosPermissoes','UPDATE',NULL,'{\"permisaoDelete\": 0, \"permisaoInsert\": 1, \"permisaoSelect\": 1, \"permisaoUpdate\": 0, \"usuarios_idUsuarios\": 10, \"permissoes_idPermissoes\": 3}','{\"permisaoDelete\": 0, \"permisaoInsert\": 1, \"permisaoSelect\": 1, \"permisaoUpdate\": 0, \"usuarios_idUsuarios\": 10, \"permissoes_idPermissoes\": 3}','joao@189.108.219.66','2025-11-18 23:52:24'),(239,'usuariosPermissoes','UPDATE',NULL,'{\"permisaoDelete\": 1, \"permisaoInsert\": 1, \"permisaoSelect\": 1, \"permisaoUpdate\": 1, \"usuarios_idUsuarios\": 10, \"permissoes_idPermissoes\": 4}','{\"permisaoDelete\": 1, \"permisaoInsert\": 1, \"permisaoSelect\": 1, \"permisaoUpdate\": 1, \"usuarios_idUsuarios\": 10, \"permissoes_idPermissoes\": 4}','joao@189.108.219.66','2025-11-18 23:52:24'),(240,'usuariosPermissoes','UPDATE',NULL,'{\"permisaoDelete\": 0, \"permisaoInsert\": 0, \"permisaoSelect\": 0, \"permisaoUpdate\": 0, \"usuarios_idUsuarios\": 10, \"permissoes_idPermissoes\": 5}','{\"permisaoDelete\": 0, \"permisaoInsert\": 0, \"permisaoSelect\": 1, \"permisaoUpdate\": 0, \"usuarios_idUsuarios\": 10, \"permissoes_idPermissoes\": 5}','joao@189.108.219.66','2025-11-18 23:52:25'),(241,'categorias','INSERT',17,NULL,'{\"nome\": \"teste\", \"ativo\": 1, \"idCategorias\": 17}','joao@189.108.219.66','2025-11-19 00:02:59'),(242,'usuariosPermissoes','UPDATE',NULL,'{\"permisaoDelete\": 0, \"permisaoInsert\": 1, \"permisaoSelect\": 1, \"permisaoUpdate\": 0, \"usuarios_idUsuarios\": 10, \"permissoes_idPermissoes\": 1}','{\"permisaoDelete\": 0, \"permisaoInsert\": 0, \"permisaoSelect\": 1, \"permisaoUpdate\": 0, \"usuarios_idUsuarios\": 10, \"permissoes_idPermissoes\": 1}','joao@189.108.219.66','2025-11-19 00:59:21'),(243,'usuariosPermissoes','UPDATE',NULL,'{\"permisaoDelete\": 0, \"permisaoInsert\": 0, \"permisaoSelect\": 0, \"permisaoUpdate\": 0, \"usuarios_idUsuarios\": 10, \"permissoes_idPermissoes\": 2}','{\"permisaoDelete\": 0, \"permisaoInsert\": 0, \"permisaoSelect\": 0, \"permisaoUpdate\": 0, \"usuarios_idUsuarios\": 10, \"permissoes_idPermissoes\": 2}','joao@189.108.219.66','2025-11-19 00:59:22'),(244,'usuariosPermissoes','UPDATE',NULL,'{\"permisaoDelete\": 0, \"permisaoInsert\": 1, \"permisaoSelect\": 1, \"permisaoUpdate\": 0, \"usuarios_idUsuarios\": 10, \"permissoes_idPermissoes\": 3}','{\"permisaoDelete\": 0, \"permisaoInsert\": 1, \"permisaoSelect\": 1, \"permisaoUpdate\": 0, \"usuarios_idUsuarios\": 10, \"permissoes_idPermissoes\": 3}','joao@189.108.219.66','2025-11-19 00:59:22'),(245,'usuariosPermissoes','UPDATE',NULL,'{\"permisaoDelete\": 1, \"permisaoInsert\": 1, \"permisaoSelect\": 1, \"permisaoUpdate\": 1, \"usuarios_idUsuarios\": 10, \"permissoes_idPermissoes\": 4}','{\"permisaoDelete\": 1, \"permisaoInsert\": 1, \"permisaoSelect\": 1, \"permisaoUpdate\": 1, \"usuarios_idUsuarios\": 10, \"permissoes_idPermissoes\": 4}','joao@189.108.219.66','2025-11-19 00:59:22'),(246,'usuariosPermissoes','UPDATE',NULL,'{\"permisaoDelete\": 0, \"permisaoInsert\": 0, \"permisaoSelect\": 1, \"permisaoUpdate\": 0, \"usuarios_idUsuarios\": 10, \"permissoes_idPermissoes\": 5}','{\"permisaoDelete\": 0, \"permisaoInsert\": 0, \"permisaoSelect\": 1, \"permisaoUpdate\": 0, \"usuarios_idUsuarios\": 10, \"permissoes_idPermissoes\": 5}','joao@189.108.219.66','2025-11-19 00:59:22'),(247,'vendas','INSERT',7,NULL,'{\"nome\": \"a\", \"status\": \"pendente\", \"idVendas\": 7, \"dataVenda\": \"2025-11-19 00:59:53\", \"usuarios_idUsuarios\": 10}','teste5@186.201.135.82','2025-11-19 00:59:53'),(248,'itensVendas','INSERT',13,NULL,'{\"quantidade\": 1.0, \"idItensVendas\": 13, \"precoUnitario\": 12.45, \"vendas_idVendas\": 7, \"produtos_idProdutos\": 10}','teste5@186.201.135.82','2025-11-19 00:59:53'),(249,'estoque','UPDATE',4,'{\"qtdAtual\": 1800.0, \"idEstoque\": 4, \"qtdMinima\": 1000.0, \"ingredientes_idIngredientes\": 4}','{\"qtdAtual\": 1600.0, \"idEstoque\": 4, \"qtdMinima\": 1000.0, \"ingredientes_idIngredientes\": 4}','teste5@186.201.135.82','2025-11-19 00:59:54'),(250,'vendas','INSERT',8,NULL,'{\"nome\": \"aaa\", \"status\": \"pendente\", \"idVendas\": 8, \"dataVenda\": \"2025-11-19 01:01:47\", \"usuarios_idUsuarios\": 1}','joao@189.108.219.66','2025-11-19 01:01:47'),(251,'itensVendas','INSERT',14,NULL,'{\"quantidade\": 1.0, \"idItensVendas\": 14, \"precoUnitario\": 12.45, \"vendas_idVendas\": 8, \"produtos_idProdutos\": 10}','joao@189.108.219.66','2025-11-19 01:01:48'),(252,'estoque','UPDATE',4,'{\"qtdAtual\": 1600.0, \"idEstoque\": 4, \"qtdMinima\": 1000.0, \"ingredientes_idIngredientes\": 4}','{\"qtdAtual\": 1400.0, \"idEstoque\": 4, \"qtdMinima\": 1000.0, \"ingredientes_idIngredientes\": 4}','joao@189.108.219.66','2025-11-19 01:01:48'),(253,'usuariosPermissoes','UPDATE',NULL,'{\"permisaoDelete\": 0, \"permisaoInsert\": 0, \"permisaoSelect\": 1, \"permisaoUpdate\": 0, \"usuarios_idUsuarios\": 10, \"permissoes_idPermissoes\": 1}','{\"permisaoDelete\": 0, \"permisaoInsert\": 0, \"permisaoSelect\": 1, \"permisaoUpdate\": 0, \"usuarios_idUsuarios\": 10, \"permissoes_idPermissoes\": 1}','joao@187.87.126.14','2025-11-19 03:13:05'),(254,'usuariosPermissoes','UPDATE',NULL,'{\"permisaoDelete\": 0, \"permisaoInsert\": 0, \"permisaoSelect\": 0, \"permisaoUpdate\": 0, \"usuarios_idUsuarios\": 10, \"permissoes_idPermissoes\": 2}','{\"permisaoDelete\": 0, \"permisaoInsert\": 0, \"permisaoSelect\": 0, \"permisaoUpdate\": 0, \"usuarios_idUsuarios\": 10, \"permissoes_idPermissoes\": 2}','joao@187.87.126.14','2025-11-19 03:13:05'),(255,'usuariosPermissoes','UPDATE',NULL,'{\"permisaoDelete\": 0, \"permisaoInsert\": 1, \"permisaoSelect\": 1, \"permisaoUpdate\": 0, \"usuarios_idUsuarios\": 10, \"permissoes_idPermissoes\": 3}','{\"permisaoDelete\": 0, \"permisaoInsert\": 0, \"permisaoSelect\": 1, \"permisaoUpdate\": 0, \"usuarios_idUsuarios\": 10, \"permissoes_idPermissoes\": 3}','joao@187.87.126.14','2025-11-19 03:13:05'),(256,'usuariosPermissoes','UPDATE',NULL,'{\"permisaoDelete\": 1, \"permisaoInsert\": 1, \"permisaoSelect\": 1, \"permisaoUpdate\": 1, \"usuarios_idUsuarios\": 10, \"permissoes_idPermissoes\": 4}','{\"permisaoDelete\": 1, \"permisaoInsert\": 1, \"permisaoSelect\": 1, \"permisaoUpdate\": 1, \"usuarios_idUsuarios\": 10, \"permissoes_idPermissoes\": 4}','joao@187.87.126.14','2025-11-19 03:13:05'),(257,'usuariosPermissoes','UPDATE',NULL,'{\"permisaoDelete\": 0, \"permisaoInsert\": 0, \"permisaoSelect\": 1, \"permisaoUpdate\": 0, \"usuarios_idUsuarios\": 10, \"permissoes_idPermissoes\": 5}','{\"permisaoDelete\": 0, \"permisaoInsert\": 0, \"permisaoSelect\": 1, \"permisaoUpdate\": 0, \"usuarios_idUsuarios\": 10, \"permissoes_idPermissoes\": 5}','joao@187.87.126.14','2025-11-19 03:13:05'),(258,'usuariosPermissoes','UPDATE',NULL,'{\"permisaoDelete\": 0, \"permisaoInsert\": 0, \"permisaoSelect\": 1, \"permisaoUpdate\": 0, \"usuarios_idUsuarios\": 10, \"permissoes_idPermissoes\": 1}','{\"permisaoDelete\": 0, \"permisaoInsert\": 0, \"permisaoSelect\": 1, \"permisaoUpdate\": 0, \"usuarios_idUsuarios\": 10, \"permissoes_idPermissoes\": 1}','joao@187.87.126.14','2025-11-19 03:14:38'),(259,'usuariosPermissoes','UPDATE',NULL,'{\"permisaoDelete\": 0, \"permisaoInsert\": 0, \"permisaoSelect\": 0, \"permisaoUpdate\": 0, \"usuarios_idUsuarios\": 10, \"permissoes_idPermissoes\": 2}','{\"permisaoDelete\": 0, \"permisaoInsert\": 0, \"permisaoSelect\": 0, \"permisaoUpdate\": 0, \"usuarios_idUsuarios\": 10, \"permissoes_idPermissoes\": 2}','joao@187.87.126.14','2025-11-19 03:14:38'),(260,'usuariosPermissoes','UPDATE',NULL,'{\"permisaoDelete\": 0, \"permisaoInsert\": 0, \"permisaoSelect\": 1, \"permisaoUpdate\": 0, \"usuarios_idUsuarios\": 10, \"permissoes_idPermissoes\": 3}','{\"permisaoDelete\": 0, \"permisaoInsert\": 1, \"permisaoSelect\": 1, \"permisaoUpdate\": 0, \"usuarios_idUsuarios\": 10, \"permissoes_idPermissoes\": 3}','joao@187.87.126.14','2025-11-19 03:14:38'),(261,'usuariosPermissoes','UPDATE',NULL,'{\"permisaoDelete\": 1, \"permisaoInsert\": 1, \"permisaoSelect\": 1, \"permisaoUpdate\": 1, \"usuarios_idUsuarios\": 10, \"permissoes_idPermissoes\": 4}','{\"permisaoDelete\": 1, \"permisaoInsert\": 1, \"permisaoSelect\": 1, \"permisaoUpdate\": 1, \"usuarios_idUsuarios\": 10, \"permissoes_idPermissoes\": 4}','joao@187.87.126.14','2025-11-19 03:14:38'),(262,'usuariosPermissoes','UPDATE',NULL,'{\"permisaoDelete\": 0, \"permisaoInsert\": 0, \"permisaoSelect\": 1, \"permisaoUpdate\": 0, \"usuarios_idUsuarios\": 10, \"permissoes_idPermissoes\": 5}','{\"permisaoDelete\": 0, \"permisaoInsert\": 0, \"permisaoSelect\": 1, \"permisaoUpdate\": 0, \"usuarios_idUsuarios\": 10, \"permissoes_idPermissoes\": 5}','joao@187.87.126.14','2025-11-19 03:14:38'),(263,'vendas','INSERT',9,NULL,'{\"nome\": \"sfddds\", \"status\": \"pendente\", \"idVendas\": 9, \"dataVenda\": \"2025-11-19 03:15:01\", \"usuarios_idUsuarios\": 10}','teste5@187.87.126.14','2025-11-19 03:15:01'),(264,'itensVendas','INSERT',15,NULL,'{\"quantidade\": 1.0, \"idItensVendas\": 15, \"precoUnitario\": 12.45, \"vendas_idVendas\": 9, \"produtos_idProdutos\": 10}','teste5@187.87.126.14','2025-11-19 03:15:01'),(265,'estoque','UPDATE',4,'{\"qtdAtual\": 1400.0, \"idEstoque\": 4, \"qtdMinima\": 1000.0, \"ingredientes_idIngredientes\": 4}','{\"qtdAtual\": 1200.0, \"idEstoque\": 4, \"qtdMinima\": 1000.0, \"ingredientes_idIngredientes\": 4}','teste5@187.87.126.14','2025-11-19 03:15:01'),(266,'usuariosPermissoes','UPDATE',NULL,'{\"permisaoDelete\": 0, \"permisaoInsert\": 0, \"permisaoSelect\": 1, \"permisaoUpdate\": 0, \"usuarios_idUsuarios\": 10, \"permissoes_idPermissoes\": 1}','{\"permisaoDelete\": 0, \"permisaoInsert\": 1, \"permisaoSelect\": 1, \"permisaoUpdate\": 0, \"usuarios_idUsuarios\": 10, \"permissoes_idPermissoes\": 1}','joao@187.87.126.14','2025-11-19 03:15:26'),(267,'usuariosPermissoes','UPDATE',NULL,'{\"permisaoDelete\": 0, \"permisaoInsert\": 0, \"permisaoSelect\": 0, \"permisaoUpdate\": 0, \"usuarios_idUsuarios\": 10, \"permissoes_idPermissoes\": 2}','{\"permisaoDelete\": 0, \"permisaoInsert\": 0, \"permisaoSelect\": 0, \"permisaoUpdate\": 0, \"usuarios_idUsuarios\": 10, \"permissoes_idPermissoes\": 2}','joao@187.87.126.14','2025-11-19 03:15:26'),(268,'usuariosPermissoes','UPDATE',NULL,'{\"permisaoDelete\": 0, \"permisaoInsert\": 1, \"permisaoSelect\": 1, \"permisaoUpdate\": 0, \"usuarios_idUsuarios\": 10, \"permissoes_idPermissoes\": 3}','{\"permisaoDelete\": 0, \"permisaoInsert\": 1, \"permisaoSelect\": 1, \"permisaoUpdate\": 0, \"usuarios_idUsuarios\": 10, \"permissoes_idPermissoes\": 3}','joao@187.87.126.14','2025-11-19 03:15:26'),(269,'usuariosPermissoes','UPDATE',NULL,'{\"permisaoDelete\": 1, \"permisaoInsert\": 1, \"permisaoSelect\": 1, \"permisaoUpdate\": 1, \"usuarios_idUsuarios\": 10, \"permissoes_idPermissoes\": 4}','{\"permisaoDelete\": 1, \"permisaoInsert\": 1, \"permisaoSelect\": 1, \"permisaoUpdate\": 1, \"usuarios_idUsuarios\": 10, \"permissoes_idPermissoes\": 4}','joao@187.87.126.14','2025-11-19 03:15:26'),(270,'usuariosPermissoes','UPDATE',NULL,'{\"permisaoDelete\": 0, \"permisaoInsert\": 0, \"permisaoSelect\": 1, \"permisaoUpdate\": 0, \"usuarios_idUsuarios\": 10, \"permissoes_idPermissoes\": 5}','{\"permisaoDelete\": 0, \"permisaoInsert\": 0, \"permisaoSelect\": 1, \"permisaoUpdate\": 0, \"usuarios_idUsuarios\": 10, \"permissoes_idPermissoes\": 5}','joao@187.87.126.14','2025-11-19 03:15:26'),(271,'usuariosPermissoes','UPDATE',NULL,'{\"permisaoDelete\": 0, \"permisaoInsert\": 1, \"permisaoSelect\": 1, \"permisaoUpdate\": 0, \"usuarios_idUsuarios\": 10, \"permissoes_idPermissoes\": 1}','{\"permisaoDelete\": 0, \"permisaoInsert\": 1, \"permisaoSelect\": 1, \"permisaoUpdate\": 0, \"usuarios_idUsuarios\": 10, \"permissoes_idPermissoes\": 1}','joao@187.87.126.14','2025-11-19 03:15:30'),(272,'usuariosPermissoes','UPDATE',NULL,'{\"permisaoDelete\": 0, \"permisaoInsert\": 0, \"permisaoSelect\": 0, \"permisaoUpdate\": 0, \"usuarios_idUsuarios\": 10, \"permissoes_idPermissoes\": 2}','{\"permisaoDelete\": 0, \"permisaoInsert\": 0, \"permisaoSelect\": 0, \"permisaoUpdate\": 0, \"usuarios_idUsuarios\": 10, \"permissoes_idPermissoes\": 2}','joao@187.87.126.14','2025-11-19 03:15:30'),(273,'usuariosPermissoes','UPDATE',NULL,'{\"permisaoDelete\": 0, \"permisaoInsert\": 1, \"permisaoSelect\": 1, \"permisaoUpdate\": 0, \"usuarios_idUsuarios\": 10, \"permissoes_idPermissoes\": 3}','{\"permisaoDelete\": 0, \"permisaoInsert\": 0, \"permisaoSelect\": 1, \"permisaoUpdate\": 0, \"usuarios_idUsuarios\": 10, \"permissoes_idPermissoes\": 3}','joao@187.87.126.14','2025-11-19 03:15:30'),(274,'usuariosPermissoes','UPDATE',NULL,'{\"permisaoDelete\": 1, \"permisaoInsert\": 1, \"permisaoSelect\": 1, \"permisaoUpdate\": 1, \"usuarios_idUsuarios\": 10, \"permissoes_idPermissoes\": 4}','{\"permisaoDelete\": 1, \"permisaoInsert\": 1, \"permisaoSelect\": 1, \"permisaoUpdate\": 1, \"usuarios_idUsuarios\": 10, \"permissoes_idPermissoes\": 4}','joao@187.87.126.14','2025-11-19 03:15:30'),(275,'usuariosPermissoes','UPDATE',NULL,'{\"permisaoDelete\": 0, \"permisaoInsert\": 0, \"permisaoSelect\": 1, \"permisaoUpdate\": 0, \"usuarios_idUsuarios\": 10, \"permissoes_idPermissoes\": 5}','{\"permisaoDelete\": 0, \"permisaoInsert\": 0, \"permisaoSelect\": 1, \"permisaoUpdate\": 0, \"usuarios_idUsuarios\": 10, \"permissoes_idPermissoes\": 5}','joao@187.87.126.14','2025-11-19 03:15:30'),(276,'usuariosPermissoes','UPDATE',NULL,'{\"permisaoDelete\": 0, \"permisaoInsert\": 1, \"permisaoSelect\": 1, \"permisaoUpdate\": 0, \"usuarios_idUsuarios\": 10, \"permissoes_idPermissoes\": 1}','{\"permisaoDelete\": 0, \"permisaoInsert\": 0, \"permisaoSelect\": 1, \"permisaoUpdate\": 0, \"usuarios_idUsuarios\": 10, \"permissoes_idPermissoes\": 1}','joao@187.87.126.14','2025-11-19 03:17:09'),(277,'usuariosPermissoes','UPDATE',NULL,'{\"permisaoDelete\": 0, \"permisaoInsert\": 0, \"permisaoSelect\": 0, \"permisaoUpdate\": 0, \"usuarios_idUsuarios\": 10, \"permissoes_idPermissoes\": 2}','{\"permisaoDelete\": 0, \"permisaoInsert\": 0, \"permisaoSelect\": 0, \"permisaoUpdate\": 0, \"usuarios_idUsuarios\": 10, \"permissoes_idPermissoes\": 2}','joao@187.87.126.14','2025-11-19 03:17:09'),(278,'usuariosPermissoes','UPDATE',NULL,'{\"permisaoDelete\": 0, \"permisaoInsert\": 0, \"permisaoSelect\": 1, \"permisaoUpdate\": 0, \"usuarios_idUsuarios\": 10, \"permissoes_idPermissoes\": 3}','{\"permisaoDelete\": 0, \"permisaoInsert\": 0, \"permisaoSelect\": 1, \"permisaoUpdate\": 0, \"usuarios_idUsuarios\": 10, \"permissoes_idPermissoes\": 3}','joao@187.87.126.14','2025-11-19 03:17:09'),(279,'usuariosPermissoes','UPDATE',NULL,'{\"permisaoDelete\": 1, \"permisaoInsert\": 1, \"permisaoSelect\": 1, \"permisaoUpdate\": 1, \"usuarios_idUsuarios\": 10, \"permissoes_idPermissoes\": 4}','{\"permisaoDelete\": 1, \"permisaoInsert\": 1, \"permisaoSelect\": 1, \"permisaoUpdate\": 1, \"usuarios_idUsuarios\": 10, \"permissoes_idPermissoes\": 4}','joao@187.87.126.14','2025-11-19 03:17:09'),(280,'usuariosPermissoes','UPDATE',NULL,'{\"permisaoDelete\": 0, \"permisaoInsert\": 0, \"permisaoSelect\": 1, \"permisaoUpdate\": 0, \"usuarios_idUsuarios\": 10, \"permissoes_idPermissoes\": 5}','{\"permisaoDelete\": 0, \"permisaoInsert\": 0, \"permisaoSelect\": 1, \"permisaoUpdate\": 0, \"usuarios_idUsuarios\": 10, \"permissoes_idPermissoes\": 5}','joao@187.87.126.14','2025-11-19 03:17:09'),(281,'vendas','UPDATE',5,'{\"nome\": \"Pedro\", \"status\": \"pendente\", \"idVendas\": 5, \"dataVenda\": \"2025-11-17 22:57:59\", \"usuarios_idUsuarios\": 1}','{\"nome\": \"Pedro\", \"status\": \"pago\", \"idVendas\": 5, \"dataVenda\": \"2025-11-17 22:57:59\", \"usuarios_idUsuarios\": 1}','joao@187.87.126.14','2025-11-19 04:29:56'),(282,'vendas','UPDATE',6,'{\"nome\": \"Rui\", \"status\": \"pendente\", \"idVendas\": 6, \"dataVenda\": \"2025-11-18 23:50:40\", \"usuarios_idUsuarios\": 10}','{\"nome\": \"Rui\", \"status\": \"pago\", \"idVendas\": 6, \"dataVenda\": \"2025-11-18 23:50:40\", \"usuarios_idUsuarios\": 10}','joao@187.87.126.14','2025-11-19 05:09:07'),(283,'categorias','UPDATE',17,'{\"nome\": \"teste\", \"ativo\": 1, \"idCategorias\": 17}','{\"nome\": \"teste\", \"ativo\": 0, \"idCategorias\": 17}','joao@187.87.126.14','2025-11-19 05:14:20'),(284,'categorias','UPDATE',7,'{\"nome\": \"Adicional\", \"ativo\": 1, \"idCategorias\": 7}','{\"nome\": \"Adiciona\", \"ativo\": 1, \"idCategorias\": 7}','joao@187.87.126.14','2025-11-19 05:17:47'),(285,'categorias','UPDATE',7,'{\"nome\": \"Adiciona\", \"ativo\": 1, \"idCategorias\": 7}','{\"nome\": \"Adicional\", \"ativo\": 1, \"idCategorias\": 7}','joao@187.87.126.14','2025-11-19 05:17:53'),(286,'produtos','UPDATE',13,'{\"nome\": \"Lanche velho\", \"ativo\": 1, \"preco\": 99.00, \"idProdutos\": 13, \"categorias_idCategorias\": 4}','{\"nome\": \"Lanche \", \"ativo\": 1, \"preco\": 99.00, \"idProdutos\": 13, \"categorias_idCategorias\": 4}','joao@187.87.126.14','2025-11-19 05:18:04'),(287,'vendas','INSERT',10,NULL,'{\"nome\": \"yasmin\", \"status\": \"pendente\", \"idVendas\": 10, \"dataVenda\": \"2025-11-19 18:04:13\", \"usuarios_idUsuarios\": 1}','joao@187.87.126.14','2025-11-19 18:04:13'),(288,'itensVendas','INSERT',16,NULL,'{\"quantidade\": 19.0, \"idItensVendas\": 16, \"precoUnitario\": 6.00, \"vendas_idVendas\": 10, \"produtos_idProdutos\": 11}','joao@187.87.126.14','2025-11-19 18:04:14'),(289,'estoque','UPDATE',5,'{\"qtdAtual\": 17200.0, \"idEstoque\": 5, \"qtdMinima\": 2000.0, \"ingredientes_idIngredientes\": 5}','{\"qtdAtual\": 10550.0, \"idEstoque\": 5, \"qtdMinima\": 2000.0, \"ingredientes_idIngredientes\": 5}','joao@187.87.126.14','2025-11-19 18:04:14'),(290,'vendas','INSERT',11,NULL,'{\"nome\": \"Pedro\", \"status\": \"pendente\", \"idVendas\": 11, \"dataVenda\": \"2025-11-19 18:04:56\", \"usuarios_idUsuarios\": 1}','joao@187.87.126.14','2025-11-19 18:04:56'),(291,'itensVendas','INSERT',17,NULL,'{\"quantidade\": 2.0, \"idItensVendas\": 17, \"precoUnitario\": 12.45, \"vendas_idVendas\": 11, \"produtos_idProdutos\": 10}','joao@187.87.126.14','2025-11-19 18:04:56'),(292,'estoque','UPDATE',4,'{\"qtdAtual\": 1200.0, \"idEstoque\": 4, \"qtdMinima\": 1000.0, \"ingredientes_idIngredientes\": 4}','{\"qtdAtual\": 800.0, \"idEstoque\": 4, \"qtdMinima\": 1000.0, \"ingredientes_idIngredientes\": 4}','joao@187.87.126.14','2025-11-19 18:04:56'),(347,'vendas','INSERT',30,NULL,'{\"nome\": \"gusatvo\", \"status\": \"pendente\", \"idVendas\": 30, \"dataVenda\": \"2025-11-19 18:30:26\", \"usuarios_idUsuarios\": 1}','joao@187.87.126.14','2025-11-19 18:30:26'),(348,'itensVendas','INSERT',36,NULL,'{\"quantidade\": 50.0, \"idItensVendas\": 36, \"precoUnitario\": 12.45, \"vendas_idVendas\": 30, \"produtos_idProdutos\": 10}','joao@187.87.126.14','2025-11-19 18:30:26'),(349,'categorias','INSERT',18,NULL,'{\"nome\": \"Teste\", \"ativo\": 1, \"idCategorias\": 18}','joao@187.87.126.14','2025-11-19 19:17:57'),(350,'categorias','UPDATE',18,'{\"nome\": \"Teste\", \"ativo\": 1, \"idCategorias\": 18}','{\"nome\": \"Test\", \"ativo\": 1, \"idCategorias\": 18}','joao@187.87.126.14','2025-11-19 19:18:05'),(351,'categorias','UPDATE',18,'{\"nome\": \"Test\", \"ativo\": 1, \"idCategorias\": 18}','{\"nome\": \"Test\", \"ativo\": 0, \"idCategorias\": 18}','joao@187.87.126.14','2025-11-19 19:18:07'),(352,'vendas','UPDATE',30,'{\"nome\": \"gusatvo\", \"status\": \"pendente\", \"idVendas\": 30, \"dataVenda\": \"2025-11-19 18:30:26\", \"usuarios_idUsuarios\": 1}','{\"nome\": \"gusatvo\", \"status\": \"pago\", \"idVendas\": 30, \"dataVenda\": \"2025-11-19 18:30:26\", \"usuarios_idUsuarios\": 1}','joao@187.87.126.14','2025-11-19 19:24:07'),(353,'vendas','UPDATE',7,'{\"nome\": \"a\", \"status\": \"pendente\", \"idVendas\": 7, \"dataVenda\": \"2025-11-19 00:59:53\", \"usuarios_idUsuarios\": 10}','{\"nome\": \"a\", \"status\": \"cancelado\", \"idVendas\": 7, \"dataVenda\": \"2025-11-19 00:59:53\", \"usuarios_idUsuarios\": 10}','joao@187.87.126.14','2025-11-19 19:24:30'),(354,'vendas','INSERT',31,NULL,'{\"nome\": \"Pedro\", \"status\": \"pendente\", \"idVendas\": 31, \"dataVenda\": \"2025-11-19 19:24:50\", \"usuarios_idUsuarios\": 1}','joao@187.87.126.14','2025-11-19 19:24:50'),(355,'itensVendas','INSERT',37,NULL,'{\"quantidade\": 1.0, \"idItensVendas\": 37, \"precoUnitario\": 12.45, \"vendas_idVendas\": 31, \"produtos_idProdutos\": 10}','joao@187.87.126.14','2025-11-19 19:24:50'),(356,'vendas','UPDATE',8,'{\"nome\": \"aaa\", \"status\": \"pendente\", \"idVendas\": 8, \"dataVenda\": \"2025-11-19 01:01:47\", \"usuarios_idUsuarios\": 1}','{\"nome\": \"aaa\", \"status\": \"pago\", \"idVendas\": 8, \"dataVenda\": \"2025-11-19 01:01:47\", \"usuarios_idUsuarios\": 1}','joao@186.201.135.82','2025-11-19 22:57:08'),(357,'produtos','UPDATE',10,'{\"nome\": \"Batata Frita Grande\", \"ativo\": 1, \"preco\": 12.45, \"idProdutos\": 10, \"categorias_idCategorias\": 3}','{\"nome\": \"Batata Frita Grande\", \"ativo\": 1, \"preco\": 12.45, \"idProdutos\": 10, \"categorias_idCategorias\": 5}','joao@186.201.135.82','2025-11-19 22:58:45'),(358,'produtos','UPDATE',13,'{\"nome\": \"Lanche \", \"ativo\": 1, \"preco\": 99.00, \"idProdutos\": 13, \"categorias_idCategorias\": 4}','{\"nome\": \"X-Bacon\", \"ativo\": 1, \"preco\": 27.00, \"idProdutos\": 13, \"categorias_idCategorias\": 3}','joao@186.201.135.82','2025-11-19 22:59:31'),(359,'produtos','INSERT',14,NULL,'{\"nome\": \"X-Infarto\", \"ativo\": 1, \"preco\": 30.99, \"idProdutos\": 14, \"categorias_idCategorias\": 3}','joao@186.201.135.82','2025-11-19 23:00:14'),(360,'usuariosPermissoes','DELETE',NULL,'{\"permisaoDelete\": 1, \"permisaoInsert\": 1, \"permisaoSelect\": 1, \"permisaoUpdate\": 1, \"usuarios_idUsuarios\": 2, \"permissoes_idPermissoes\": 4}',NULL,'avnadmin@186.201.135.82','2025-11-19 23:07:21'),(361,'usuarios','DELETE',2,'{\"nome\": \"pedro\", \"ativo\": 1, \"login\": \"pedro\", \"senha\": \"123\", \"idUsuarios\": 2}',NULL,'avnadmin@186.201.135.82','2025-11-19 23:07:37'),(362,'usuarios','INSERT',13,NULL,'{\"nome\": \"Pedro de Freitas da Silva\", \"ativo\": 1, \"login\": \"PedroFreitas\", \"senha\": \"$2b$10$3jva.2.xp6JQ0l9xAmih9eIN1tf9OL1RhrfSVOL.g7JsALVgBq2BW\", \"idUsuarios\": 13}','avnadmin@186.201.135.82','2025-11-19 23:09:24'),(363,'usuariosPermissoes','INSERT',NULL,NULL,'{\"permisaoDelete\": 0, \"permisaoInsert\": 0, \"permisaoSelect\": 0, \"permisaoUpdate\": 0, \"usuarios_idUsuarios\": 13, \"permissoes_idPermissoes\": 1}','avnadmin@186.201.135.82','2025-11-19 23:09:24'),(364,'usuariosPermissoes','INSERT',NULL,NULL,'{\"permisaoDelete\": 0, \"permisaoInsert\": 0, \"permisaoSelect\": 0, \"permisaoUpdate\": 0, \"usuarios_idUsuarios\": 13, \"permissoes_idPermissoes\": 2}','avnadmin@186.201.135.82','2025-11-19 23:09:25'),(365,'usuariosPermissoes','INSERT',NULL,NULL,'{\"permisaoDelete\": 0, \"permisaoInsert\": 0, \"permisaoSelect\": 0, \"permisaoUpdate\": 0, \"usuarios_idUsuarios\": 13, \"permissoes_idPermissoes\": 3}','avnadmin@186.201.135.82','2025-11-19 23:09:25'),(366,'usuariosPermissoes','INSERT',NULL,NULL,'{\"permisaoDelete\": 0, \"permisaoInsert\": 0, \"permisaoSelect\": 0, \"permisaoUpdate\": 0, \"usuarios_idUsuarios\": 13, \"permissoes_idPermissoes\": 4}','avnadmin@186.201.135.82','2025-11-19 23:09:25'),(367,'usuariosPermissoes','INSERT',NULL,NULL,'{\"permisaoDelete\": 0, \"permisaoInsert\": 0, \"permisaoSelect\": 0, \"permisaoUpdate\": 0, \"usuarios_idUsuarios\": 13, \"permissoes_idPermissoes\": 5}','avnadmin@186.201.135.82','2025-11-19 23:09:25'),(368,'usuariosPermissoes','UPDATE',NULL,'{\"permisaoDelete\": 0, \"permisaoInsert\": 0, \"permisaoSelect\": 0, \"permisaoUpdate\": 0, \"usuarios_idUsuarios\": 13, \"permissoes_idPermissoes\": 1}','{\"permisaoDelete\": 0, \"permisaoInsert\": 0, \"permisaoSelect\": 1, \"permisaoUpdate\": 0, \"usuarios_idUsuarios\": 13, \"permissoes_idPermissoes\": 1}','avnadmin@186.201.135.82','2025-11-19 23:09:36'),(369,'usuariosPermissoes','UPDATE',NULL,'{\"permisaoDelete\": 0, \"permisaoInsert\": 0, \"permisaoSelect\": 0, \"permisaoUpdate\": 0, \"usuarios_idUsuarios\": 13, \"permissoes_idPermissoes\": 2}','{\"permisaoDelete\": 0, \"permisaoInsert\": 0, \"permisaoSelect\": 0, \"permisaoUpdate\": 0, \"usuarios_idUsuarios\": 13, \"permissoes_idPermissoes\": 2}','avnadmin@186.201.135.82','2025-11-19 23:09:37'),(370,'usuariosPermissoes','UPDATE',NULL,'{\"permisaoDelete\": 0, \"permisaoInsert\": 0, \"permisaoSelect\": 0, \"permisaoUpdate\": 0, \"usuarios_idUsuarios\": 13, \"permissoes_idPermissoes\": 3}','{\"permisaoDelete\": 0, \"permisaoInsert\": 0, \"permisaoSelect\": 0, \"permisaoUpdate\": 0, \"usuarios_idUsuarios\": 13, \"permissoes_idPermissoes\": 3}','avnadmin@186.201.135.82','2025-11-19 23:09:37'),(371,'usuariosPermissoes','UPDATE',NULL,'{\"permisaoDelete\": 0, \"permisaoInsert\": 0, \"permisaoSelect\": 0, \"permisaoUpdate\": 0, \"usuarios_idUsuarios\": 13, \"permissoes_idPermissoes\": 4}','{\"permisaoDelete\": 0, \"permisaoInsert\": 0, \"permisaoSelect\": 0, \"permisaoUpdate\": 0, \"usuarios_idUsuarios\": 13, \"permissoes_idPermissoes\": 4}','avnadmin@186.201.135.82','2025-11-19 23:09:37'),(372,'usuariosPermissoes','UPDATE',NULL,'{\"permisaoDelete\": 0, \"permisaoInsert\": 0, \"permisaoSelect\": 1, \"permisaoUpdate\": 0, \"usuarios_idUsuarios\": 13, \"permissoes_idPermissoes\": 1}','{\"permisaoDelete\": 0, \"permisaoInsert\": 0, \"permisaoSelect\": 1, \"permisaoUpdate\": 0, \"usuarios_idUsuarios\": 13, \"permissoes_idPermissoes\": 1}','avnadmin@186.201.135.82','2025-11-19 23:09:37'),(373,'usuariosPermissoes','UPDATE',NULL,'{\"permisaoDelete\": 0, \"permisaoInsert\": 0, \"permisaoSelect\": 0, \"permisaoUpdate\": 0, \"usuarios_idUsuarios\": 13, \"permissoes_idPermissoes\": 5}','{\"permisaoDelete\": 0, \"permisaoInsert\": 0, \"permisaoSelect\": 0, \"permisaoUpdate\": 0, \"usuarios_idUsuarios\": 13, \"permissoes_idPermissoes\": 5}','avnadmin@186.201.135.82','2025-11-19 23:09:37'),(374,'usuariosPermissoes','UPDATE',NULL,'{\"permisaoDelete\": 0, \"permisaoInsert\": 0, \"permisaoSelect\": 0, \"permisaoUpdate\": 0, \"usuarios_idUsuarios\": 13, \"permissoes_idPermissoes\": 2}','{\"permisaoDelete\": 0, \"permisaoInsert\": 0, \"permisaoSelect\": 1, \"permisaoUpdate\": 0, \"usuarios_idUsuarios\": 13, \"permissoes_idPermissoes\": 2}','avnadmin@186.201.135.82','2025-11-19 23:09:37'),(375,'usuariosPermissoes','UPDATE',NULL,'{\"permisaoDelete\": 0, \"permisaoInsert\": 0, \"permisaoSelect\": 0, \"permisaoUpdate\": 0, \"usuarios_idUsuarios\": 13, \"permissoes_idPermissoes\": 3}','{\"permisaoDelete\": 0, \"permisaoInsert\": 0, \"permisaoSelect\": 0, \"permisaoUpdate\": 0, \"usuarios_idUsuarios\": 13, \"permissoes_idPermissoes\": 3}','avnadmin@186.201.135.82','2025-11-19 23:09:37'),(376,'usuariosPermissoes','UPDATE',NULL,'{\"permisaoDelete\": 0, \"permisaoInsert\": 0, \"permisaoSelect\": 0, \"permisaoUpdate\": 0, \"usuarios_idUsuarios\": 13, \"permissoes_idPermissoes\": 4}','{\"permisaoDelete\": 0, \"permisaoInsert\": 0, \"permisaoSelect\": 0, \"permisaoUpdate\": 0, \"usuarios_idUsuarios\": 13, \"permissoes_idPermissoes\": 4}','avnadmin@186.201.135.82','2025-11-19 23:09:37'),(377,'usuariosPermissoes','UPDATE',NULL,'{\"permisaoDelete\": 0, \"permisaoInsert\": 0, \"permisaoSelect\": 1, \"permisaoUpdate\": 0, \"usuarios_idUsuarios\": 13, \"permissoes_idPermissoes\": 1}','{\"permisaoDelete\": 0, \"permisaoInsert\": 0, \"permisaoSelect\": 1, \"permisaoUpdate\": 0, \"usuarios_idUsuarios\": 13, \"permissoes_idPermissoes\": 1}','avnadmin@186.201.135.82','2025-11-19 23:09:37'),(378,'usuariosPermissoes','UPDATE',NULL,'{\"permisaoDelete\": 0, \"permisaoInsert\": 0, \"permisaoSelect\": 0, \"permisaoUpdate\": 0, \"usuarios_idUsuarios\": 13, \"permissoes_idPermissoes\": 5}','{\"permisaoDelete\": 0, \"permisaoInsert\": 0, \"permisaoSelect\": 0, \"permisaoUpdate\": 0, \"usuarios_idUsuarios\": 13, \"permissoes_idPermissoes\": 5}','avnadmin@186.201.135.82','2025-11-19 23:09:37'),(379,'usuariosPermissoes','UPDATE',NULL,'{\"permisaoDelete\": 0, \"permisaoInsert\": 0, \"permisaoSelect\": 1, \"permisaoUpdate\": 0, \"usuarios_idUsuarios\": 13, \"permissoes_idPermissoes\": 2}','{\"permisaoDelete\": 0, \"permisaoInsert\": 0, \"permisaoSelect\": 1, \"permisaoUpdate\": 0, \"usuarios_idUsuarios\": 13, \"permissoes_idPermissoes\": 2}','avnadmin@186.201.135.82','2025-11-19 23:09:38'),(380,'usuariosPermissoes','UPDATE',NULL,'{\"permisaoDelete\": 0, \"permisaoInsert\": 0, \"permisaoSelect\": 0, \"permisaoUpdate\": 0, \"usuarios_idUsuarios\": 13, \"permissoes_idPermissoes\": 3}','{\"permisaoDelete\": 0, \"permisaoInsert\": 0, \"permisaoSelect\": 1, \"permisaoUpdate\": 0, \"usuarios_idUsuarios\": 13, \"permissoes_idPermissoes\": 3}','avnadmin@186.201.135.82','2025-11-19 23:09:38'),(381,'usuariosPermissoes','UPDATE',NULL,'{\"permisaoDelete\": 0, \"permisaoInsert\": 0, \"permisaoSelect\": 0, \"permisaoUpdate\": 0, \"usuarios_idUsuarios\": 13, \"permissoes_idPermissoes\": 4}','{\"permisaoDelete\": 0, \"permisaoInsert\": 0, \"permisaoSelect\": 0, \"permisaoUpdate\": 0, \"usuarios_idUsuarios\": 13, \"permissoes_idPermissoes\": 4}','avnadmin@186.201.135.82','2025-11-19 23:09:38'),(382,'usuariosPermissoes','UPDATE',NULL,'{\"permisaoDelete\": 0, \"permisaoInsert\": 0, \"permisaoSelect\": 1, \"permisaoUpdate\": 0, \"usuarios_idUsuarios\": 13, \"permissoes_idPermissoes\": 1}','{\"permisaoDelete\": 0, \"permisaoInsert\": 0, \"permisaoSelect\": 1, \"permisaoUpdate\": 0, \"usuarios_idUsuarios\": 13, \"permissoes_idPermissoes\": 1}','avnadmin@186.201.135.82','2025-11-19 23:09:38'),(383,'usuariosPermissoes','UPDATE',NULL,'{\"permisaoDelete\": 0, \"permisaoInsert\": 0, \"permisaoSelect\": 0, \"permisaoUpdate\": 0, \"usuarios_idUsuarios\": 13, \"permissoes_idPermissoes\": 5}','{\"permisaoDelete\": 0, \"permisaoInsert\": 0, \"permisaoSelect\": 0, \"permisaoUpdate\": 0, \"usuarios_idUsuarios\": 13, \"permissoes_idPermissoes\": 5}','avnadmin@186.201.135.82','2025-11-19 23:09:38'),(384,'usuariosPermissoes','UPDATE',NULL,'{\"permisaoDelete\": 0, \"permisaoInsert\": 0, \"permisaoSelect\": 1, \"permisaoUpdate\": 0, \"usuarios_idUsuarios\": 13, \"permissoes_idPermissoes\": 2}','{\"permisaoDelete\": 0, \"permisaoInsert\": 0, \"permisaoSelect\": 1, \"permisaoUpdate\": 0, \"usuarios_idUsuarios\": 13, \"permissoes_idPermissoes\": 2}','avnadmin@186.201.135.82','2025-11-19 23:09:38'),(385,'usuariosPermissoes','UPDATE',NULL,'{\"permisaoDelete\": 0, \"permisaoInsert\": 0, \"permisaoSelect\": 1, \"permisaoUpdate\": 0, \"usuarios_idUsuarios\": 13, \"permissoes_idPermissoes\": 3}','{\"permisaoDelete\": 0, \"permisaoInsert\": 0, \"permisaoSelect\": 1, \"permisaoUpdate\": 0, \"usuarios_idUsuarios\": 13, \"permissoes_idPermissoes\": 3}','avnadmin@186.201.135.82','2025-11-19 23:09:38'),(386,'usuariosPermissoes','UPDATE',NULL,'{\"permisaoDelete\": 0, \"permisaoInsert\": 0, \"permisaoSelect\": 0, \"permisaoUpdate\": 0, \"usuarios_idUsuarios\": 13, \"permissoes_idPermissoes\": 4}','{\"permisaoDelete\": 0, \"permisaoInsert\": 0, \"permisaoSelect\": 1, \"permisaoUpdate\": 0, \"usuarios_idUsuarios\": 13, \"permissoes_idPermissoes\": 4}','avnadmin@186.201.135.82','2025-11-19 23:09:38'),(387,'usuariosPermissoes','UPDATE',NULL,'{\"permisaoDelete\": 0, \"permisaoInsert\": 0, \"permisaoSelect\": 1, \"permisaoUpdate\": 0, \"usuarios_idUsuarios\": 13, \"permissoes_idPermissoes\": 1}','{\"permisaoDelete\": 0, \"permisaoInsert\": 0, \"permisaoSelect\": 1, \"permisaoUpdate\": 0, \"usuarios_idUsuarios\": 13, \"permissoes_idPermissoes\": 1}','avnadmin@186.201.135.82','2025-11-19 23:09:38'),(388,'usuariosPermissoes','UPDATE',NULL,'{\"permisaoDelete\": 0, \"permisaoInsert\": 0, \"permisaoSelect\": 0, \"permisaoUpdate\": 0, \"usuarios_idUsuarios\": 13, \"permissoes_idPermissoes\": 5}','{\"permisaoDelete\": 0, \"permisaoInsert\": 0, \"permisaoSelect\": 0, \"permisaoUpdate\": 0, \"usuarios_idUsuarios\": 13, \"permissoes_idPermissoes\": 5}','avnadmin@186.201.135.82','2025-11-19 23:09:38'),(389,'usuariosPermissoes','UPDATE',NULL,'{\"permisaoDelete\": 0, \"permisaoInsert\": 0, \"permisaoSelect\": 1, \"permisaoUpdate\": 0, \"usuarios_idUsuarios\": 13, \"permissoes_idPermissoes\": 2}','{\"permisaoDelete\": 0, \"permisaoInsert\": 0, \"permisaoSelect\": 1, \"permisaoUpdate\": 0, \"usuarios_idUsuarios\": 13, \"permissoes_idPermissoes\": 2}','avnadmin@186.201.135.82','2025-11-19 23:09:39'),(390,'usuariosPermissoes','UPDATE',NULL,'{\"permisaoDelete\": 0, \"permisaoInsert\": 0, \"permisaoSelect\": 1, \"permisaoUpdate\": 0, \"usuarios_idUsuarios\": 13, \"permissoes_idPermissoes\": 3}','{\"permisaoDelete\": 0, \"permisaoInsert\": 0, \"permisaoSelect\": 1, \"permisaoUpdate\": 0, \"usuarios_idUsuarios\": 13, \"permissoes_idPermissoes\": 3}','avnadmin@186.201.135.82','2025-11-19 23:09:39'),(391,'usuariosPermissoes','UPDATE',NULL,'{\"permisaoDelete\": 0, \"permisaoInsert\": 0, \"permisaoSelect\": 1, \"permisaoUpdate\": 0, \"usuarios_idUsuarios\": 13, \"permissoes_idPermissoes\": 4}','{\"permisaoDelete\": 0, \"permisaoInsert\": 0, \"permisaoSelect\": 1, \"permisaoUpdate\": 0, \"usuarios_idUsuarios\": 13, \"permissoes_idPermissoes\": 4}','avnadmin@186.201.135.82','2025-11-19 23:09:39'),(392,'usuariosPermissoes','UPDATE',NULL,'{\"permisaoDelete\": 0, \"permisaoInsert\": 0, \"permisaoSelect\": 0, \"permisaoUpdate\": 0, \"usuarios_idUsuarios\": 13, \"permissoes_idPermissoes\": 5}','{\"permisaoDelete\": 0, \"permisaoInsert\": 0, \"permisaoSelect\": 1, \"permisaoUpdate\": 0, \"usuarios_idUsuarios\": 13, \"permissoes_idPermissoes\": 5}','avnadmin@186.201.135.82','2025-11-19 23:09:39'),(393,'usuariosPermissoes','UPDATE',NULL,'{\"permisaoDelete\": 0, \"permisaoInsert\": 0, \"permisaoSelect\": 1, \"permisaoUpdate\": 0, \"usuarios_idUsuarios\": 13, \"permissoes_idPermissoes\": 1}','{\"permisaoDelete\": 0, \"permisaoInsert\": 1, \"permisaoSelect\": 1, \"permisaoUpdate\": 0, \"usuarios_idUsuarios\": 13, \"permissoes_idPermissoes\": 1}','avnadmin@186.201.135.82','2025-11-19 23:09:41'),(394,'usuariosPermissoes','UPDATE',NULL,'{\"permisaoDelete\": 0, \"permisaoInsert\": 0, \"permisaoSelect\": 1, \"permisaoUpdate\": 0, \"usuarios_idUsuarios\": 13, \"permissoes_idPermissoes\": 2}','{\"permisaoDelete\": 0, \"permisaoInsert\": 0, \"permisaoSelect\": 1, \"permisaoUpdate\": 0, \"usuarios_idUsuarios\": 13, \"permissoes_idPermissoes\": 2}','avnadmin@186.201.135.82','2025-11-19 23:09:41'),(395,'usuariosPermissoes','UPDATE',NULL,'{\"permisaoDelete\": 0, \"permisaoInsert\": 0, \"permisaoSelect\": 1, \"permisaoUpdate\": 0, \"usuarios_idUsuarios\": 13, \"permissoes_idPermissoes\": 3}','{\"permisaoDelete\": 0, \"permisaoInsert\": 0, \"permisaoSelect\": 1, \"permisaoUpdate\": 0, \"usuarios_idUsuarios\": 13, \"permissoes_idPermissoes\": 3}','avnadmin@186.201.135.82','2025-11-19 23:09:41'),(396,'usuariosPermissoes','UPDATE',NULL,'{\"permisaoDelete\": 0, \"permisaoInsert\": 0, \"permisaoSelect\": 1, \"permisaoUpdate\": 0, \"usuarios_idUsuarios\": 13, \"permissoes_idPermissoes\": 4}','{\"permisaoDelete\": 0, \"permisaoInsert\": 0, \"permisaoSelect\": 1, \"permisaoUpdate\": 0, \"usuarios_idUsuarios\": 13, \"permissoes_idPermissoes\": 4}','avnadmin@186.201.135.82','2025-11-19 23:09:41'),(397,'usuariosPermissoes','UPDATE',NULL,'{\"permisaoDelete\": 0, \"permisaoInsert\": 1, \"permisaoSelect\": 1, \"permisaoUpdate\": 0, \"usuarios_idUsuarios\": 13, \"permissoes_idPermissoes\": 1}','{\"permisaoDelete\": 0, \"permisaoInsert\": 1, \"permisaoSelect\": 1, \"permisaoUpdate\": 0, \"usuarios_idUsuarios\": 13, \"permissoes_idPermissoes\": 1}','avnadmin@186.201.135.82','2025-11-19 23:09:42'),(398,'usuariosPermissoes','UPDATE',NULL,'{\"permisaoDelete\": 0, \"permisaoInsert\": 0, \"permisaoSelect\": 1, \"permisaoUpdate\": 0, \"usuarios_idUsuarios\": 13, \"permissoes_idPermissoes\": 5}','{\"permisaoDelete\": 0, \"permisaoInsert\": 0, \"permisaoSelect\": 1, \"permisaoUpdate\": 0, \"usuarios_idUsuarios\": 13, \"permissoes_idPermissoes\": 5}','avnadmin@186.201.135.82','2025-11-19 23:09:42'),(399,'usuariosPermissoes','UPDATE',NULL,'{\"permisaoDelete\": 0, \"permisaoInsert\": 0, \"permisaoSelect\": 1, \"permisaoUpdate\": 0, \"usuarios_idUsuarios\": 13, \"permissoes_idPermissoes\": 2}','{\"permisaoDelete\": 0, \"permisaoInsert\": 1, \"permisaoSelect\": 1, \"permisaoUpdate\": 0, \"usuarios_idUsuarios\": 13, \"permissoes_idPermissoes\": 2}','avnadmin@186.201.135.82','2025-11-19 23:09:42'),(400,'usuariosPermissoes','UPDATE',NULL,'{\"permisaoDelete\": 0, \"permisaoInsert\": 0, \"permisaoSelect\": 1, \"permisaoUpdate\": 0, \"usuarios_idUsuarios\": 13, \"permissoes_idPermissoes\": 3}','{\"permisaoDelete\": 0, \"permisaoInsert\": 0, \"permisaoSelect\": 1, \"permisaoUpdate\": 0, \"usuarios_idUsuarios\": 13, \"permissoes_idPermissoes\": 3}','avnadmin@186.201.135.82','2025-11-19 23:09:42'),(401,'usuariosPermissoes','UPDATE',NULL,'{\"permisaoDelete\": 0, \"permisaoInsert\": 0, \"permisaoSelect\": 1, \"permisaoUpdate\": 0, \"usuarios_idUsuarios\": 13, \"permissoes_idPermissoes\": 4}','{\"permisaoDelete\": 0, \"permisaoInsert\": 0, \"permisaoSelect\": 1, \"permisaoUpdate\": 0, \"usuarios_idUsuarios\": 13, \"permissoes_idPermissoes\": 4}','avnadmin@186.201.135.82','2025-11-19 23:09:42'),(402,'usuariosPermissoes','UPDATE',NULL,'{\"permisaoDelete\": 0, \"permisaoInsert\": 0, \"permisaoSelect\": 1, \"permisaoUpdate\": 0, \"usuarios_idUsuarios\": 13, \"permissoes_idPermissoes\": 5}','{\"permisaoDelete\": 0, \"permisaoInsert\": 0, \"permisaoSelect\": 1, \"permisaoUpdate\": 0, \"usuarios_idUsuarios\": 13, \"permissoes_idPermissoes\": 5}','avnadmin@186.201.135.82','2025-11-19 23:09:42'),(403,'usuariosPermissoes','UPDATE',NULL,'{\"permisaoDelete\": 0, \"permisaoInsert\": 1, \"permisaoSelect\": 1, \"permisaoUpdate\": 0, \"usuarios_idUsuarios\": 13, \"permissoes_idPermissoes\": 1}','{\"permisaoDelete\": 0, \"permisaoInsert\": 1, \"permisaoSelect\": 1, \"permisaoUpdate\": 0, \"usuarios_idUsuarios\": 13, \"permissoes_idPermissoes\": 1}','avnadmin@186.201.135.82','2025-11-19 23:09:43'),(404,'usuariosPermissoes','UPDATE',NULL,'{\"permisaoDelete\": 0, \"permisaoInsert\": 1, \"permisaoSelect\": 1, \"permisaoUpdate\": 0, \"usuarios_idUsuarios\": 13, \"permissoes_idPermissoes\": 2}','{\"permisaoDelete\": 0, \"permisaoInsert\": 1, \"permisaoSelect\": 1, \"permisaoUpdate\": 0, \"usuarios_idUsuarios\": 13, \"permissoes_idPermissoes\": 2}','avnadmin@186.201.135.82','2025-11-19 23:09:43'),(405,'usuariosPermissoes','UPDATE',NULL,'{\"permisaoDelete\": 0, \"permisaoInsert\": 0, \"permisaoSelect\": 1, \"permisaoUpdate\": 0, \"usuarios_idUsuarios\": 13, \"permissoes_idPermissoes\": 3}','{\"permisaoDelete\": 0, \"permisaoInsert\": 1, \"permisaoSelect\": 1, \"permisaoUpdate\": 0, \"usuarios_idUsuarios\": 13, \"permissoes_idPermissoes\": 3}','avnadmin@186.201.135.82','2025-11-19 23:09:43'),(406,'usuariosPermissoes','UPDATE',NULL,'{\"permisaoDelete\": 0, \"permisaoInsert\": 0, \"permisaoSelect\": 1, \"permisaoUpdate\": 0, \"usuarios_idUsuarios\": 13, \"permissoes_idPermissoes\": 4}','{\"permisaoDelete\": 0, \"permisaoInsert\": 0, \"permisaoSelect\": 1, \"permisaoUpdate\": 0, \"usuarios_idUsuarios\": 13, \"permissoes_idPermissoes\": 4}','avnadmin@186.201.135.82','2025-11-19 23:09:43'),(407,'usuariosPermissoes','UPDATE',NULL,'{\"permisaoDelete\": 0, \"permisaoInsert\": 0, \"permisaoSelect\": 1, \"permisaoUpdate\": 0, \"usuarios_idUsuarios\": 13, \"permissoes_idPermissoes\": 5}','{\"permisaoDelete\": 0, \"permisaoInsert\": 0, \"permisaoSelect\": 1, \"permisaoUpdate\": 0, \"usuarios_idUsuarios\": 13, \"permissoes_idPermissoes\": 5}','avnadmin@186.201.135.82','2025-11-19 23:09:43'),(408,'usuariosPermissoes','UPDATE',NULL,'{\"permisaoDelete\": 0, \"permisaoInsert\": 1, \"permisaoSelect\": 1, \"permisaoUpdate\": 0, \"usuarios_idUsuarios\": 13, \"permissoes_idPermissoes\": 1}','{\"permisaoDelete\": 0, \"permisaoInsert\": 1, \"permisaoSelect\": 1, \"permisaoUpdate\": 0, \"usuarios_idUsuarios\": 13, \"permissoes_idPermissoes\": 1}','avnadmin@186.201.135.82','2025-11-19 23:09:43'),(409,'usuariosPermissoes','UPDATE',NULL,'{\"permisaoDelete\": 0, \"permisaoInsert\": 1, \"permisaoSelect\": 1, \"permisaoUpdate\": 0, \"usuarios_idUsuarios\": 13, \"permissoes_idPermissoes\": 2}','{\"permisaoDelete\": 0, \"permisaoInsert\": 1, \"permisaoSelect\": 1, \"permisaoUpdate\": 0, \"usuarios_idUsuarios\": 13, \"permissoes_idPermissoes\": 2}','avnadmin@186.201.135.82','2025-11-19 23:09:43'),(410,'usuariosPermissoes','UPDATE',NULL,'{\"permisaoDelete\": 0, \"permisaoInsert\": 1, \"permisaoSelect\": 1, \"permisaoUpdate\": 0, \"usuarios_idUsuarios\": 13, \"permissoes_idPermissoes\": 3}','{\"permisaoDelete\": 0, \"permisaoInsert\": 1, \"permisaoSelect\": 1, \"permisaoUpdate\": 0, \"usuarios_idUsuarios\": 13, \"permissoes_idPermissoes\": 3}','avnadmin@186.201.135.82','2025-11-19 23:09:44'),(411,'usuariosPermissoes','UPDATE',NULL,'{\"permisaoDelete\": 0, \"permisaoInsert\": 0, \"permisaoSelect\": 1, \"permisaoUpdate\": 0, \"usuarios_idUsuarios\": 13, \"permissoes_idPermissoes\": 4}','{\"permisaoDelete\": 0, \"permisaoInsert\": 1, \"permisaoSelect\": 1, \"permisaoUpdate\": 0, \"usuarios_idUsuarios\": 13, \"permissoes_idPermissoes\": 4}','avnadmin@186.201.135.82','2025-11-19 23:09:44'),(412,'usuariosPermissoes','UPDATE',NULL,'{\"permisaoDelete\": 0, \"permisaoInsert\": 0, \"permisaoSelect\": 1, \"permisaoUpdate\": 0, \"usuarios_idUsuarios\": 13, \"permissoes_idPermissoes\": 5}','{\"permisaoDelete\": 0, \"permisaoInsert\": 0, \"permisaoSelect\": 1, \"permisaoUpdate\": 0, \"usuarios_idUsuarios\": 13, \"permissoes_idPermissoes\": 5}','avnadmin@186.201.135.82','2025-11-19 23:09:44'),(413,'usuariosPermissoes','UPDATE',NULL,'{\"permisaoDelete\": 0, \"permisaoInsert\": 1, \"permisaoSelect\": 1, \"permisaoUpdate\": 0, \"usuarios_idUsuarios\": 13, \"permissoes_idPermissoes\": 1}','{\"permisaoDelete\": 0, \"permisaoInsert\": 1, \"permisaoSelect\": 1, \"permisaoUpdate\": 0, \"usuarios_idUsuarios\": 13, \"permissoes_idPermissoes\": 1}','avnadmin@186.201.135.82','2025-11-19 23:09:44'),(414,'usuariosPermissoes','UPDATE',NULL,'{\"permisaoDelete\": 0, \"permisaoInsert\": 1, \"permisaoSelect\": 1, \"permisaoUpdate\": 0, \"usuarios_idUsuarios\": 13, \"permissoes_idPermissoes\": 2}','{\"permisaoDelete\": 0, \"permisaoInsert\": 1, \"permisaoSelect\": 1, \"permisaoUpdate\": 0, \"usuarios_idUsuarios\": 13, \"permissoes_idPermissoes\": 2}','avnadmin@186.201.135.82','2025-11-19 23:09:44'),(415,'usuariosPermissoes','UPDATE',NULL,'{\"permisaoDelete\": 0, \"permisaoInsert\": 1, \"permisaoSelect\": 1, \"permisaoUpdate\": 0, \"usuarios_idUsuarios\": 13, \"permissoes_idPermissoes\": 3}','{\"permisaoDelete\": 0, \"permisaoInsert\": 1, \"permisaoSelect\": 1, \"permisaoUpdate\": 0, \"usuarios_idUsuarios\": 13, \"permissoes_idPermissoes\": 3}','avnadmin@186.201.135.82','2025-11-19 23:09:44'),(416,'usuariosPermissoes','UPDATE',NULL,'{\"permisaoDelete\": 0, \"permisaoInsert\": 1, \"permisaoSelect\": 1, \"permisaoUpdate\": 0, \"usuarios_idUsuarios\": 13, \"permissoes_idPermissoes\": 4}','{\"permisaoDelete\": 0, \"permisaoInsert\": 1, \"permisaoSelect\": 1, \"permisaoUpdate\": 1, \"usuarios_idUsuarios\": 13, \"permissoes_idPermissoes\": 4}','avnadmin@186.201.135.82','2025-11-19 23:09:44'),(417,'usuariosPermissoes','UPDATE',NULL,'{\"permisaoDelete\": 0, \"permisaoInsert\": 0, \"permisaoSelect\": 1, \"permisaoUpdate\": 0, \"usuarios_idUsuarios\": 13, \"permissoes_idPermissoes\": 5}','{\"permisaoDelete\": 0, \"permisaoInsert\": 0, \"permisaoSelect\": 1, \"permisaoUpdate\": 0, \"usuarios_idUsuarios\": 13, \"permissoes_idPermissoes\": 5}','avnadmin@186.201.135.82','2025-11-19 23:09:45'),(418,'usuariosPermissoes','UPDATE',NULL,'{\"permisaoDelete\": 0, \"permisaoInsert\": 1, \"permisaoSelect\": 1, \"permisaoUpdate\": 0, \"usuarios_idUsuarios\": 13, \"permissoes_idPermissoes\": 1}','{\"permisaoDelete\": 0, \"permisaoInsert\": 1, \"permisaoSelect\": 1, \"permisaoUpdate\": 0, \"usuarios_idUsuarios\": 13, \"permissoes_idPermissoes\": 1}','avnadmin@186.201.135.82','2025-11-19 23:09:45'),(419,'usuariosPermissoes','UPDATE',NULL,'{\"permisaoDelete\": 0, \"permisaoInsert\": 1, \"permisaoSelect\": 1, \"permisaoUpdate\": 0, \"usuarios_idUsuarios\": 13, \"permissoes_idPermissoes\": 2}','{\"permisaoDelete\": 0, \"permisaoInsert\": 1, \"permisaoSelect\": 1, \"permisaoUpdate\": 0, \"usuarios_idUsuarios\": 13, \"permissoes_idPermissoes\": 2}','avnadmin@186.201.135.82','2025-11-19 23:09:45'),(420,'usuariosPermissoes','UPDATE',NULL,'{\"permisaoDelete\": 0, \"permisaoInsert\": 1, \"permisaoSelect\": 1, \"permisaoUpdate\": 0, \"usuarios_idUsuarios\": 13, \"permissoes_idPermissoes\": 3}','{\"permisaoDelete\": 0, \"permisaoInsert\": 1, \"permisaoSelect\": 1, \"permisaoUpdate\": 1, \"usuarios_idUsuarios\": 13, \"permissoes_idPermissoes\": 3}','avnadmin@186.201.135.82','2025-11-19 23:09:45'),(421,'usuariosPermissoes','UPDATE',NULL,'{\"permisaoDelete\": 0, \"permisaoInsert\": 1, \"permisaoSelect\": 1, \"permisaoUpdate\": 1, \"usuarios_idUsuarios\": 13, \"permissoes_idPermissoes\": 4}','{\"permisaoDelete\": 0, \"permisaoInsert\": 1, \"permisaoSelect\": 1, \"permisaoUpdate\": 1, \"usuarios_idUsuarios\": 13, \"permissoes_idPermissoes\": 4}','avnadmin@186.201.135.82','2025-11-19 23:09:45'),(422,'usuariosPermissoes','UPDATE',NULL,'{\"permisaoDelete\": 0, \"permisaoInsert\": 0, \"permisaoSelect\": 1, \"permisaoUpdate\": 0, \"usuarios_idUsuarios\": 13, \"permissoes_idPermissoes\": 5}','{\"permisaoDelete\": 0, \"permisaoInsert\": 0, \"permisaoSelect\": 1, \"permisaoUpdate\": 0, \"usuarios_idUsuarios\": 13, \"permissoes_idPermissoes\": 5}','avnadmin@186.201.135.82','2025-11-19 23:09:45'),(423,'usuariosPermissoes','UPDATE',NULL,'{\"permisaoDelete\": 0, \"permisaoInsert\": 1, \"permisaoSelect\": 1, \"permisaoUpdate\": 0, \"usuarios_idUsuarios\": 13, \"permissoes_idPermissoes\": 1}','{\"permisaoDelete\": 0, \"permisaoInsert\": 1, \"permisaoSelect\": 1, \"permisaoUpdate\": 0, \"usuarios_idUsuarios\": 13, \"permissoes_idPermissoes\": 1}','avnadmin@186.201.135.82','2025-11-19 23:09:46'),(424,'usuariosPermissoes','UPDATE',NULL,'{\"permisaoDelete\": 0, \"permisaoInsert\": 1, \"permisaoSelect\": 1, \"permisaoUpdate\": 0, \"usuarios_idUsuarios\": 13, \"permissoes_idPermissoes\": 2}','{\"permisaoDelete\": 0, \"permisaoInsert\": 1, \"permisaoSelect\": 1, \"permisaoUpdate\": 1, \"usuarios_idUsuarios\": 13, \"permissoes_idPermissoes\": 2}','avnadmin@186.201.135.82','2025-11-19 23:09:46'),(425,'usuariosPermissoes','UPDATE',NULL,'{\"permisaoDelete\": 0, \"permisaoInsert\": 1, \"permisaoSelect\": 1, \"permisaoUpdate\": 1, \"usuarios_idUsuarios\": 13, \"permissoes_idPermissoes\": 3}','{\"permisaoDelete\": 0, \"permisaoInsert\": 1, \"permisaoSelect\": 1, \"permisaoUpdate\": 1, \"usuarios_idUsuarios\": 13, \"permissoes_idPermissoes\": 3}','avnadmin@186.201.135.82','2025-11-19 23:09:46'),(426,'usuariosPermissoes','UPDATE',NULL,'{\"permisaoDelete\": 0, \"permisaoInsert\": 1, \"permisaoSelect\": 1, \"permisaoUpdate\": 1, \"usuarios_idUsuarios\": 13, \"permissoes_idPermissoes\": 4}','{\"permisaoDelete\": 0, \"permisaoInsert\": 1, \"permisaoSelect\": 1, \"permisaoUpdate\": 1, \"usuarios_idUsuarios\": 13, \"permissoes_idPermissoes\": 4}','avnadmin@186.201.135.82','2025-11-19 23:09:46'),(427,'usuariosPermissoes','UPDATE',NULL,'{\"permisaoDelete\": 0, \"permisaoInsert\": 0, \"permisaoSelect\": 1, \"permisaoUpdate\": 0, \"usuarios_idUsuarios\": 13, \"permissoes_idPermissoes\": 5}','{\"permisaoDelete\": 0, \"permisaoInsert\": 0, \"permisaoSelect\": 1, \"permisaoUpdate\": 0, \"usuarios_idUsuarios\": 13, \"permissoes_idPermissoes\": 5}','avnadmin@186.201.135.82','2025-11-19 23:09:46'),(428,'usuariosPermissoes','UPDATE',NULL,'{\"permisaoDelete\": 0, \"permisaoInsert\": 1, \"permisaoSelect\": 1, \"permisaoUpdate\": 0, \"usuarios_idUsuarios\": 13, \"permissoes_idPermissoes\": 1}','{\"permisaoDelete\": 0, \"permisaoInsert\": 1, \"permisaoSelect\": 1, \"permisaoUpdate\": 1, \"usuarios_idUsuarios\": 13, \"permissoes_idPermissoes\": 1}','avnadmin@186.201.135.82','2025-11-19 23:09:46'),(429,'usuariosPermissoes','UPDATE',NULL,'{\"permisaoDelete\": 0, \"permisaoInsert\": 1, \"permisaoSelect\": 1, \"permisaoUpdate\": 1, \"usuarios_idUsuarios\": 13, \"permissoes_idPermissoes\": 2}','{\"permisaoDelete\": 0, \"permisaoInsert\": 1, \"permisaoSelect\": 1, \"permisaoUpdate\": 1, \"usuarios_idUsuarios\": 13, \"permissoes_idPermissoes\": 2}','avnadmin@186.201.135.82','2025-11-19 23:09:46'),(430,'usuariosPermissoes','UPDATE',NULL,'{\"permisaoDelete\": 0, \"permisaoInsert\": 1, \"permisaoSelect\": 1, \"permisaoUpdate\": 1, \"usuarios_idUsuarios\": 13, \"permissoes_idPermissoes\": 3}','{\"permisaoDelete\": 0, \"permisaoInsert\": 1, \"permisaoSelect\": 1, \"permisaoUpdate\": 1, \"usuarios_idUsuarios\": 13, \"permissoes_idPermissoes\": 3}','avnadmin@186.201.135.82','2025-11-19 23:09:47'),(431,'usuariosPermissoes','UPDATE',NULL,'{\"permisaoDelete\": 0, \"permisaoInsert\": 1, \"permisaoSelect\": 1, \"permisaoUpdate\": 1, \"usuarios_idUsuarios\": 13, \"permissoes_idPermissoes\": 4}','{\"permisaoDelete\": 0, \"permisaoInsert\": 1, \"permisaoSelect\": 1, \"permisaoUpdate\": 1, \"usuarios_idUsuarios\": 13, \"permissoes_idPermissoes\": 4}','avnadmin@186.201.135.82','2025-11-19 23:09:47'),(432,'usuariosPermissoes','UPDATE',NULL,'{\"permisaoDelete\": 0, \"permisaoInsert\": 0, \"permisaoSelect\": 1, \"permisaoUpdate\": 0, \"usuarios_idUsuarios\": 13, \"permissoes_idPermissoes\": 5}','{\"permisaoDelete\": 0, \"permisaoInsert\": 0, \"permisaoSelect\": 1, \"permisaoUpdate\": 0, \"usuarios_idUsuarios\": 13, \"permissoes_idPermissoes\": 5}','avnadmin@186.201.135.82','2025-11-19 23:09:47'),(433,'usuariosPermissoes','UPDATE',NULL,'{\"permisaoDelete\": 0, \"permisaoInsert\": 1, \"permisaoSelect\": 1, \"permisaoUpdate\": 1, \"usuarios_idUsuarios\": 13, \"permissoes_idPermissoes\": 1}','{\"permisaoDelete\": 1, \"permisaoInsert\": 1, \"permisaoSelect\": 1, \"permisaoUpdate\": 1, \"usuarios_idUsuarios\": 13, \"permissoes_idPermissoes\": 1}','avnadmin@186.201.135.82','2025-11-19 23:09:47'),(434,'usuariosPermissoes','UPDATE',NULL,'{\"permisaoDelete\": 0, \"permisaoInsert\": 1, \"permisaoSelect\": 1, \"permisaoUpdate\": 1, \"usuarios_idUsuarios\": 13, \"permissoes_idPermissoes\": 2}','{\"permisaoDelete\": 0, \"permisaoInsert\": 1, \"permisaoSelect\": 1, \"permisaoUpdate\": 1, \"usuarios_idUsuarios\": 13, \"permissoes_idPermissoes\": 2}','avnadmin@186.201.135.82','2025-11-19 23:09:47'),(435,'usuariosPermissoes','UPDATE',NULL,'{\"permisaoDelete\": 0, \"permisaoInsert\": 1, \"permisaoSelect\": 1, \"permisaoUpdate\": 1, \"usuarios_idUsuarios\": 13, \"permissoes_idPermissoes\": 3}','{\"permisaoDelete\": 0, \"permisaoInsert\": 1, \"permisaoSelect\": 1, \"permisaoUpdate\": 1, \"usuarios_idUsuarios\": 13, \"permissoes_idPermissoes\": 3}','avnadmin@186.201.135.82','2025-11-19 23:09:48'),(436,'usuariosPermissoes','UPDATE',NULL,'{\"permisaoDelete\": 0, \"permisaoInsert\": 1, \"permisaoSelect\": 1, \"permisaoUpdate\": 1, \"usuarios_idUsuarios\": 13, \"permissoes_idPermissoes\": 4}','{\"permisaoDelete\": 0, \"permisaoInsert\": 1, \"permisaoSelect\": 1, \"permisaoUpdate\": 1, \"usuarios_idUsuarios\": 13, \"permissoes_idPermissoes\": 4}','avnadmin@186.201.135.82','2025-11-19 23:09:48'),(437,'usuariosPermissoes','UPDATE',NULL,'{\"permisaoDelete\": 0, \"permisaoInsert\": 0, \"permisaoSelect\": 1, \"permisaoUpdate\": 0, \"usuarios_idUsuarios\": 13, \"permissoes_idPermissoes\": 5}','{\"permisaoDelete\": 0, \"permisaoInsert\": 0, \"permisaoSelect\": 1, \"permisaoUpdate\": 0, \"usuarios_idUsuarios\": 13, \"permissoes_idPermissoes\": 5}','avnadmin@186.201.135.82','2025-11-19 23:09:48'),(438,'usuariosPermissoes','UPDATE',NULL,'{\"permisaoDelete\": 1, \"permisaoInsert\": 1, \"permisaoSelect\": 1, \"permisaoUpdate\": 1, \"usuarios_idUsuarios\": 13, \"permissoes_idPermissoes\": 1}','{\"permisaoDelete\": 1, \"permisaoInsert\": 1, \"permisaoSelect\": 1, \"permisaoUpdate\": 1, \"usuarios_idUsuarios\": 13, \"permissoes_idPermissoes\": 1}','avnadmin@186.201.135.82','2025-11-19 23:09:48'),(439,'usuariosPermissoes','UPDATE',NULL,'{\"permisaoDelete\": 0, \"permisaoInsert\": 1, \"permisaoSelect\": 1, \"permisaoUpdate\": 1, \"usuarios_idUsuarios\": 13, \"permissoes_idPermissoes\": 2}','{\"permisaoDelete\": 1, \"permisaoInsert\": 1, \"permisaoSelect\": 1, \"permisaoUpdate\": 1, \"usuarios_idUsuarios\": 13, \"permissoes_idPermissoes\": 2}','avnadmin@186.201.135.82','2025-11-19 23:09:48'),(440,'usuariosPermissoes','UPDATE',NULL,'{\"permisaoDelete\": 0, \"permisaoInsert\": 1, \"permisaoSelect\": 1, \"permisaoUpdate\": 1, \"usuarios_idUsuarios\": 13, \"permissoes_idPermissoes\": 3}','{\"permisaoDelete\": 0, \"permisaoInsert\": 1, \"permisaoSelect\": 1, \"permisaoUpdate\": 1, \"usuarios_idUsuarios\": 13, \"permissoes_idPermissoes\": 3}','avnadmin@186.201.135.82','2025-11-19 23:09:48'),(441,'usuariosPermissoes','UPDATE',NULL,'{\"permisaoDelete\": 0, \"permisaoInsert\": 1, \"permisaoSelect\": 1, \"permisaoUpdate\": 1, \"usuarios_idUsuarios\": 13, \"permissoes_idPermissoes\": 4}','{\"permisaoDelete\": 0, \"permisaoInsert\": 1, \"permisaoSelect\": 1, \"permisaoUpdate\": 1, \"usuarios_idUsuarios\": 13, \"permissoes_idPermissoes\": 4}','avnadmin@186.201.135.82','2025-11-19 23:09:48'),(442,'usuariosPermissoes','UPDATE',NULL,'{\"permisaoDelete\": 1, \"permisaoInsert\": 1, \"permisaoSelect\": 1, \"permisaoUpdate\": 1, \"usuarios_idUsuarios\": 13, \"permissoes_idPermissoes\": 1}','{\"permisaoDelete\": 1, \"permisaoInsert\": 1, \"permisaoSelect\": 1, \"permisaoUpdate\": 1, \"usuarios_idUsuarios\": 13, \"permissoes_idPermissoes\": 1}','avnadmin@186.201.135.82','2025-11-19 23:09:48'),(443,'usuariosPermissoes','UPDATE',NULL,'{\"permisaoDelete\": 0, \"permisaoInsert\": 0, \"permisaoSelect\": 1, \"permisaoUpdate\": 0, \"usuarios_idUsuarios\": 13, \"permissoes_idPermissoes\": 5}','{\"permisaoDelete\": 0, \"permisaoInsert\": 0, \"permisaoSelect\": 1, \"permisaoUpdate\": 0, \"usuarios_idUsuarios\": 13, \"permissoes_idPermissoes\": 5}','avnadmin@186.201.135.82','2025-11-19 23:09:48'),(444,'usuariosPermissoes','UPDATE',NULL,'{\"permisaoDelete\": 1, \"permisaoInsert\": 1, \"permisaoSelect\": 1, \"permisaoUpdate\": 1, \"usuarios_idUsuarios\": 13, \"permissoes_idPermissoes\": 2}','{\"permisaoDelete\": 1, \"permisaoInsert\": 1, \"permisaoSelect\": 1, \"permisaoUpdate\": 1, \"usuarios_idUsuarios\": 13, \"permissoes_idPermissoes\": 2}','avnadmin@186.201.135.82','2025-11-19 23:09:49'),(445,'usuariosPermissoes','UPDATE',NULL,'{\"permisaoDelete\": 0, \"permisaoInsert\": 1, \"permisaoSelect\": 1, \"permisaoUpdate\": 1, \"usuarios_idUsuarios\": 13, \"permissoes_idPermissoes\": 3}','{\"permisaoDelete\": 1, \"permisaoInsert\": 1, \"permisaoSelect\": 1, \"permisaoUpdate\": 1, \"usuarios_idUsuarios\": 13, \"permissoes_idPermissoes\": 3}','avnadmin@186.201.135.82','2025-11-19 23:09:49'),(446,'usuariosPermissoes','UPDATE',NULL,'{\"permisaoDelete\": 0, \"permisaoInsert\": 1, \"permisaoSelect\": 1, \"permisaoUpdate\": 1, \"usuarios_idUsuarios\": 13, \"permissoes_idPermissoes\": 4}','{\"permisaoDelete\": 0, \"permisaoInsert\": 1, \"permisaoSelect\": 1, \"permisaoUpdate\": 1, \"usuarios_idUsuarios\": 13, \"permissoes_idPermissoes\": 4}','avnadmin@186.201.135.82','2025-11-19 23:09:49'),(447,'usuariosPermissoes','UPDATE',NULL,'{\"permisaoDelete\": 0, \"permisaoInsert\": 0, \"permisaoSelect\": 1, \"permisaoUpdate\": 0, \"usuarios_idUsuarios\": 13, \"permissoes_idPermissoes\": 5}','{\"permisaoDelete\": 0, \"permisaoInsert\": 0, \"permisaoSelect\": 1, \"permisaoUpdate\": 0, \"usuarios_idUsuarios\": 13, \"permissoes_idPermissoes\": 5}','avnadmin@186.201.135.82','2025-11-19 23:09:49'),(448,'usuariosPermissoes','UPDATE',NULL,'{\"permisaoDelete\": 1, \"permisaoInsert\": 1, \"permisaoSelect\": 1, \"permisaoUpdate\": 1, \"usuarios_idUsuarios\": 13, \"permissoes_idPermissoes\": 1}','{\"permisaoDelete\": 1, \"permisaoInsert\": 1, \"permisaoSelect\": 1, \"permisaoUpdate\": 1, \"usuarios_idUsuarios\": 13, \"permissoes_idPermissoes\": 1}','avnadmin@186.201.135.82','2025-11-19 23:09:50'),(449,'usuariosPermissoes','UPDATE',NULL,'{\"permisaoDelete\": 1, \"permisaoInsert\": 1, \"permisaoSelect\": 1, \"permisaoUpdate\": 1, \"usuarios_idUsuarios\": 13, \"permissoes_idPermissoes\": 2}','{\"permisaoDelete\": 1, \"permisaoInsert\": 1, \"permisaoSelect\": 1, \"permisaoUpdate\": 1, \"usuarios_idUsuarios\": 13, \"permissoes_idPermissoes\": 2}','avnadmin@186.201.135.82','2025-11-19 23:09:50'),(450,'usuariosPermissoes','UPDATE',NULL,'{\"permisaoDelete\": 1, \"permisaoInsert\": 1, \"permisaoSelect\": 1, \"permisaoUpdate\": 1, \"usuarios_idUsuarios\": 13, \"permissoes_idPermissoes\": 3}','{\"permisaoDelete\": 1, \"permisaoInsert\": 1, \"permisaoSelect\": 1, \"permisaoUpdate\": 1, \"usuarios_idUsuarios\": 13, \"permissoes_idPermissoes\": 3}','avnadmin@186.201.135.82','2025-11-19 23:09:50'),(451,'usuariosPermissoes','UPDATE',NULL,'{\"permisaoDelete\": 0, \"permisaoInsert\": 1, \"permisaoSelect\": 1, \"permisaoUpdate\": 1, \"usuarios_idUsuarios\": 13, \"permissoes_idPermissoes\": 4}','{\"permisaoDelete\": 1, \"permisaoInsert\": 1, \"permisaoSelect\": 1, \"permisaoUpdate\": 1, \"usuarios_idUsuarios\": 13, \"permissoes_idPermissoes\": 4}','avnadmin@186.201.135.82','2025-11-19 23:09:50'),(452,'usuariosPermissoes','UPDATE',NULL,'{\"permisaoDelete\": 0, \"permisaoInsert\": 0, \"permisaoSelect\": 1, \"permisaoUpdate\": 0, \"usuarios_idUsuarios\": 13, \"permissoes_idPermissoes\": 5}','{\"permisaoDelete\": 0, \"permisaoInsert\": 0, \"permisaoSelect\": 1, \"permisaoUpdate\": 0, \"usuarios_idUsuarios\": 13, \"permissoes_idPermissoes\": 5}','avnadmin@186.201.135.82','2025-11-19 23:09:50'),(453,'vendas','INSERT',32,NULL,'{\"nome\": \"Gustavo\", \"status\": \"pendente\", \"idVendas\": 32, \"dataVenda\": \"2025-11-19 23:11:22\", \"usuarios_idUsuarios\": 13}','PedroFreitas@186.201.135.82','2025-11-19 23:11:22'),(454,'itensVendas','INSERT',38,NULL,'{\"quantidade\": 1.0, \"idItensVendas\": 38, \"precoUnitario\": 30.99, \"vendas_idVendas\": 32, \"produtos_idProdutos\": 14}','PedroFreitas@186.201.135.82','2025-11-19 23:11:22'),(455,'itensVendas','INSERT',39,NULL,'{\"quantidade\": 1.0, \"idItensVendas\": 39, \"precoUnitario\": 6.00, \"vendas_idVendas\": 32, \"produtos_idProdutos\": 11}','PedroFreitas@186.201.135.82','2025-11-19 23:11:23'),(456,'itensVendas','INSERT',40,NULL,'{\"quantidade\": 1.0, \"idItensVendas\": 40, \"precoUnitario\": 15.00, \"vendas_idVendas\": 32, \"produtos_idProdutos\": 12}','PedroFreitas@186.201.135.82','2025-11-19 23:11:23'),(457,'itensVendas','DELETE',36,'{\"quantidade\": 50.0, \"idItensVendas\": 36, \"precoUnitario\": 12.45, \"vendas_idVendas\": 30, \"produtos_idProdutos\": 10}',NULL,'joao@186.201.135.82','2025-11-19 23:16:38'),(458,'vendas','DELETE',30,'{\"nome\": \"gusatvo\", \"status\": \"pago\", \"idVendas\": 30, \"dataVenda\": \"2025-11-19 18:30:26\", \"usuarios_idUsuarios\": 1}',NULL,'joao@186.201.135.82','2025-11-19 23:16:38'),(459,'itensVendas','DELETE',10,'{\"quantidade\": 12.0, \"idItensVendas\": 10, \"precoUnitario\": 12.45, \"vendas_idVendas\": 5, \"produtos_idProdutos\": 10}',NULL,'joao@186.201.135.82','2025-11-19 23:16:59'),(460,'itensVendas','DELETE',11,'{\"quantidade\": 6.0, \"idItensVendas\": 11, \"precoUnitario\": 6.00, \"vendas_idVendas\": 5, \"produtos_idProdutos\": 11}',NULL,'joao@186.201.135.82','2025-11-19 23:16:59'),(461,'vendas','DELETE',5,'{\"nome\": \"Pedro\", \"status\": \"pago\", \"idVendas\": 5, \"dataVenda\": \"2025-11-17 22:57:59\", \"usuarios_idUsuarios\": 1}',NULL,'joao@186.201.135.82','2025-11-19 23:17:00'),(462,'itensVendas','DELETE',14,'{\"quantidade\": 1.0, \"idItensVendas\": 14, \"precoUnitario\": 12.45, \"vendas_idVendas\": 8, \"produtos_idProdutos\": 10}',NULL,'joao@186.201.135.82','2025-11-19 23:17:17'),(463,'vendas','DELETE',8,'{\"nome\": \"aaa\", \"status\": \"pago\", \"idVendas\": 8, \"dataVenda\": \"2025-11-19 01:01:47\", \"usuarios_idUsuarios\": 1}',NULL,'joao@186.201.135.82','2025-11-19 23:17:17'),(464,'usuariosPermissoes','UPDATE',NULL,'{\"permisaoDelete\": 0, \"permisaoInsert\": 0, \"permisaoSelect\": 1, \"permisaoUpdate\": 0, \"usuarios_idUsuarios\": 10, \"permissoes_idPermissoes\": 1}','{\"permisaoDelete\": 0, \"permisaoInsert\": 0, \"permisaoSelect\": 1, \"permisaoUpdate\": 0, \"usuarios_idUsuarios\": 10, \"permissoes_idPermissoes\": 1}','PedroFreitas@186.201.135.82','2025-11-19 23:20:42'),(465,'usuariosPermissoes','UPDATE',NULL,'{\"permisaoDelete\": 0, \"permisaoInsert\": 0, \"permisaoSelect\": 0, \"permisaoUpdate\": 0, \"usuarios_idUsuarios\": 10, \"permissoes_idPermissoes\": 2}','{\"permisaoDelete\": 0, \"permisaoInsert\": 0, \"permisaoSelect\": 1, \"permisaoUpdate\": 0, \"usuarios_idUsuarios\": 10, \"permissoes_idPermissoes\": 2}','PedroFreitas@186.201.135.82','2025-11-19 23:20:43'),(466,'usuariosPermissoes','UPDATE',NULL,'{\"permisaoDelete\": 0, \"permisaoInsert\": 0, \"permisaoSelect\": 1, \"permisaoUpdate\": 0, \"usuarios_idUsuarios\": 10, \"permissoes_idPermissoes\": 3}','{\"permisaoDelete\": 0, \"permisaoInsert\": 0, \"permisaoSelect\": 1, \"permisaoUpdate\": 0, \"usuarios_idUsuarios\": 10, \"permissoes_idPermissoes\": 3}','PedroFreitas@186.201.135.82','2025-11-19 23:20:43'),(467,'usuariosPermissoes','UPDATE',NULL,'{\"permisaoDelete\": 1, \"permisaoInsert\": 1, \"permisaoSelect\": 1, \"permisaoUpdate\": 1, \"usuarios_idUsuarios\": 10, \"permissoes_idPermissoes\": 4}','{\"permisaoDelete\": 1, \"permisaoInsert\": 1, \"permisaoSelect\": 1, \"permisaoUpdate\": 1, \"usuarios_idUsuarios\": 10, \"permissoes_idPermissoes\": 4}','PedroFreitas@186.201.135.82','2025-11-19 23:20:43'),(468,'usuariosPermissoes','UPDATE',NULL,'{\"permisaoDelete\": 0, \"permisaoInsert\": 0, \"permisaoSelect\": 1, \"permisaoUpdate\": 0, \"usuarios_idUsuarios\": 10, \"permissoes_idPermissoes\": 5}','{\"permisaoDelete\": 0, \"permisaoInsert\": 0, \"permisaoSelect\": 1, \"permisaoUpdate\": 0, \"usuarios_idUsuarios\": 10, \"permissoes_idPermissoes\": 5}','PedroFreitas@186.201.135.82','2025-11-19 23:20:43'),(469,'usuariosPermissoes','UPDATE',NULL,'{\"permisaoDelete\": 0, \"permisaoInsert\": 0, \"permisaoSelect\": 1, \"permisaoUpdate\": 0, \"usuarios_idUsuarios\": 10, \"permissoes_idPermissoes\": 1}','{\"permisaoDelete\": 0, \"permisaoInsert\": 0, \"permisaoSelect\": 1, \"permisaoUpdate\": 0, \"usuarios_idUsuarios\": 10, \"permissoes_idPermissoes\": 1}','PedroFreitas@186.201.135.82','2025-11-19 23:20:49'),(470,'usuariosPermissoes','UPDATE',NULL,'{\"permisaoDelete\": 0, \"permisaoInsert\": 0, \"permisaoSelect\": 1, \"permisaoUpdate\": 0, \"usuarios_idUsuarios\": 10, \"permissoes_idPermissoes\": 2}','{\"permisaoDelete\": 0, \"permisaoInsert\": 0, \"permisaoSelect\": 0, \"permisaoUpdate\": 0, \"usuarios_idUsuarios\": 10, \"permissoes_idPermissoes\": 2}','PedroFreitas@186.201.135.82','2025-11-19 23:20:49'),(471,'usuariosPermissoes','UPDATE',NULL,'{\"permisaoDelete\": 0, \"permisaoInsert\": 0, \"permisaoSelect\": 1, \"permisaoUpdate\": 0, \"usuarios_idUsuarios\": 10, \"permissoes_idPermissoes\": 3}','{\"permisaoDelete\": 0, \"permisaoInsert\": 0, \"permisaoSelect\": 1, \"permisaoUpdate\": 0, \"usuarios_idUsuarios\": 10, \"permissoes_idPermissoes\": 3}','PedroFreitas@186.201.135.82','2025-11-19 23:20:49'),(472,'usuariosPermissoes','UPDATE',NULL,'{\"permisaoDelete\": 1, \"permisaoInsert\": 1, \"permisaoSelect\": 1, \"permisaoUpdate\": 1, \"usuarios_idUsuarios\": 10, \"permissoes_idPermissoes\": 4}','{\"permisaoDelete\": 1, \"permisaoInsert\": 1, \"permisaoSelect\": 1, \"permisaoUpdate\": 1, \"usuarios_idUsuarios\": 10, \"permissoes_idPermissoes\": 4}','PedroFreitas@186.201.135.82','2025-11-19 23:20:49'),(473,'usuariosPermissoes','UPDATE',NULL,'{\"permisaoDelete\": 0, \"permisaoInsert\": 0, \"permisaoSelect\": 1, \"permisaoUpdate\": 0, \"usuarios_idUsuarios\": 10, \"permissoes_idPermissoes\": 5}','{\"permisaoDelete\": 0, \"permisaoInsert\": 0, \"permisaoSelect\": 1, \"permisaoUpdate\": 0, \"usuarios_idUsuarios\": 10, \"permissoes_idPermissoes\": 5}','PedroFreitas@186.201.135.82','2025-11-19 23:20:50'),(474,'vendas','UPDATE',31,'{\"nome\": \"Pedro\", \"status\": \"pendente\", \"idVendas\": 31, \"dataVenda\": \"2025-11-19 19:24:50\", \"usuarios_idUsuarios\": 1}','{\"nome\": \"Pedro\", \"status\": \"entregue\", \"idVendas\": 31, \"dataVenda\": \"2025-11-19 19:24:50\", \"usuarios_idUsuarios\": 1}','PedroFreitas@186.201.135.82','2025-11-19 23:21:27'),(475,'vendas','UPDATE',31,'{\"nome\": \"Pedro\", \"status\": \"entregue\", \"idVendas\": 31, \"dataVenda\": \"2025-11-19 19:24:50\", \"usuarios_idUsuarios\": 1}','{\"nome\": \"Pedro\", \"status\": \"pago\", \"idVendas\": 31, \"dataVenda\": \"2025-11-19 19:24:50\", \"usuarios_idUsuarios\": 1}','PedroFreitas@186.201.135.82','2025-11-19 23:21:33'),(476,'produtos','INSERT',15,NULL,'{\"nome\": \"X-nivaldo\", \"ativo\": 1, \"preco\": 30.99, \"idProdutos\": 15, \"categorias_idCategorias\": 3}','PedroFreitas@186.201.135.82','2025-11-19 23:22:17'),(477,'vendas','UPDATE',32,'{\"nome\": \"Gustavo\", \"status\": \"pendente\", \"idVendas\": 32, \"dataVenda\": \"2025-11-19 23:11:22\", \"usuarios_idUsuarios\": 13}','{\"nome\": \"Gustavo\", \"status\": \"pago\", \"idVendas\": 32, \"dataVenda\": \"2025-11-19 23:11:22\", \"usuarios_idUsuarios\": 13}','joao@186.219.145.247','2025-11-20 23:44:46'),(478,'usuariosPermissoes','DELETE',NULL,'{\"permisaoDelete\": 1, \"permisaoInsert\": 1, \"permisaoSelect\": 1, \"permisaoUpdate\": 1, \"usuarios_idUsuarios\": 4, \"permissoes_idPermissoes\": 1}',NULL,'avnadmin@187.87.126.14','2025-11-23 00:00:50'),(479,'usuariosPermissoes','DELETE',NULL,'{\"permisaoDelete\": 1, \"permisaoInsert\": 1, \"permisaoSelect\": 1, \"permisaoUpdate\": 1, \"usuarios_idUsuarios\": 4, \"permissoes_idPermissoes\": 2}',NULL,'avnadmin@187.87.126.14','2025-11-23 00:00:50'),(480,'usuariosPermissoes','DELETE',NULL,'{\"permisaoDelete\": 1, \"permisaoInsert\": 1, \"permisaoSelect\": 1, \"permisaoUpdate\": 1, \"usuarios_idUsuarios\": 4, \"permissoes_idPermissoes\": 3}',NULL,'avnadmin@187.87.126.14','2025-11-23 00:00:50'),(481,'usuariosPermissoes','DELETE',NULL,'{\"permisaoDelete\": 1, \"permisaoInsert\": 1, \"permisaoSelect\": 1, \"permisaoUpdate\": 1, \"usuarios_idUsuarios\": 4, \"permissoes_idPermissoes\": 4}',NULL,'avnadmin@187.87.126.14','2025-11-23 00:00:50'),(482,'usuariosPermissoes','DELETE',NULL,'{\"permisaoDelete\": 1, \"permisaoInsert\": 1, \"permisaoSelect\": 1, \"permisaoUpdate\": 1, \"usuarios_idUsuarios\": 4, \"permissoes_idPermissoes\": 5}',NULL,'avnadmin@187.87.126.14','2025-11-23 00:00:50'),(483,'usuarios','DELETE',4,'{\"nome\": \"admin\", \"ativo\": 1, \"login\": \"avnadmin\", \"senha\": \"AVNS_dG-ZjDzL_7IxPqTQY1F\", \"idUsuarios\": 4}',NULL,'avnadmin@187.87.126.14','2025-11-23 00:01:02');
/*!40000 ALTER TABLE `logs` ENABLE KEYS */;
UNLOCK TABLES;

--
-- Table structure for table `permissoes`
--

DROP TABLE IF EXISTS `permissoes`;
/*!40101 SET @saved_cs_client     = @@character_set_client */;
/*!50503 SET character_set_client = utf8mb4 */;
CREATE TABLE `permissoes` (
  `idPermissoes` int NOT NULL AUTO_INCREMENT,
  `tabela` varchar(45) NOT NULL,
  PRIMARY KEY (`idPermissoes`)
) ENGINE=InnoDB AUTO_INCREMENT=6 DEFAULT CHARSET=utf8mb4 COLLATE=utf8mb4_0900_ai_ci;
/*!40101 SET character_set_client = @saved_cs_client */;

--
-- Dumping data for table `permissoes`
--

LOCK TABLES `permissoes` WRITE;
/*!40000 ALTER TABLE `permissoes` DISABLE KEYS */;
INSERT INTO `permissoes` VALUES (1,'Pedidos'),(2,'Funcionarios'),(3,'Vendas'),(4,'Produtos'),(5,'Historico');
/*!40000 ALTER TABLE `permissoes` ENABLE KEYS */;
UNLOCK TABLES;

--
-- Table structure for table `produtos`
--

DROP TABLE IF EXISTS `produtos`;
/*!40101 SET @saved_cs_client     = @@character_set_client */;
/*!50503 SET character_set_client = utf8mb4 */;
CREATE TABLE `produtos` (
  `idProdutos` int NOT NULL AUTO_INCREMENT,
  `nome` varchar(45) NOT NULL,
  `preco` decimal(10,2) NOT NULL,
  `ativo` tinyint NOT NULL,
  `categorias_idCategorias` int NOT NULL,
  PRIMARY KEY (`idProdutos`),
  KEY `fk_produtos_categorias1_idx` (`categorias_idCategorias`),
  CONSTRAINT `fk_produtos_categorias1` FOREIGN KEY (`categorias_idCategorias`) REFERENCES `categorias` (`idCategorias`)
) ENGINE=InnoDB AUTO_INCREMENT=16 DEFAULT CHARSET=utf8mb4 COLLATE=utf8mb4_0900_ai_ci;
/*!40101 SET character_set_client = @saved_cs_client */;

--
-- Dumping data for table `produtos`
--

LOCK TABLES `produtos` WRITE;
/*!40000 ALTER TABLE `produtos` DISABLE KEYS */;
INSERT INTO `produtos` VALUES (2,'X-Tudo',15.90,0,2),(8,'X-Burguer',18.90,0,2),(9,'X-Salada',20.90,0,2),(10,'Batata Frita Grande',12.45,1,5),(11,'Refrigerante Lata',6.00,1,4),(12,'Milkshake Chocolate',15.00,1,6),(13,'X-Bacon',27.00,1,3),(14,'X-Infarto',30.99,1,3),(15,'X-nivaldo',30.99,1,3);
/*!40000 ALTER TABLE `produtos` ENABLE KEYS */;
UNLOCK TABLES;

--
-- Table structure for table `produtosIngredientes`
--

DROP TABLE IF EXISTS `produtosIngredientes`;
/*!40101 SET @saved_cs_client     = @@character_set_client */;
/*!50503 SET character_set_client = utf8mb4 */;
CREATE TABLE `produtosIngredientes` (
  `produtos_idProdutos` int NOT NULL,
  `ingredientes_idIngredientes` int NOT NULL,
  `quantidade` float NOT NULL,
  PRIMARY KEY (`produtos_idProdutos`,`ingredientes_idIngredientes`),
  KEY `fk_produtos_has_ingredientes_ingredientes1_idx` (`ingredientes_idIngredientes`),
  KEY `fk_produtos_has_ingredientes_produtos1_idx` (`produtos_idProdutos`),
  CONSTRAINT `fk_produtos_has_ingredientes_ingredientes1` FOREIGN KEY (`ingredientes_idIngredientes`) REFERENCES `ingredientes` (`idIngredientes`),
  CONSTRAINT `fk_produtos_has_ingredientes_produtos1` FOREIGN KEY (`produtos_idProdutos`) REFERENCES `produtos` (`idProdutos`)
) ENGINE=InnoDB DEFAULT CHARSET=utf8mb4 COLLATE=utf8mb4_0900_ai_ci;
/*!40101 SET character_set_client = @saved_cs_client */;

--
-- Dumping data for table `produtosIngredientes`
--

LOCK TABLES `produtosIngredientes` WRITE;
/*!40000 ALTER TABLE `produtosIngredientes` DISABLE KEYS */;
INSERT INTO `produtosIngredientes` VALUES (2,1,1),(2,2,150),(2,3,50),(2,4,50),(2,5,30),(8,1,1),(8,2,150),(8,3,50),(9,1,1),(9,2,150),(9,3,50),(10,4,200),(11,5,350),(12,3,50);
/*!40000 ALTER TABLE `produtosIngredientes` ENABLE KEYS */;
UNLOCK TABLES;

--
-- Table structure for table `usuarios`
--

DROP TABLE IF EXISTS `usuarios`;
/*!40101 SET @saved_cs_client     = @@character_set_client */;
/*!50503 SET character_set_client = utf8mb4 */;
CREATE TABLE `usuarios` (
  `idUsuarios` int NOT NULL AUTO_INCREMENT,
  `nome` varchar(45) NOT NULL,
  `login` varchar(45) NOT NULL,
  `senha` varchar(255) NOT NULL,
  `ativo` tinyint NOT NULL,
  PRIMARY KEY (`idUsuarios`)
) ENGINE=InnoDB AUTO_INCREMENT=14 DEFAULT CHARSET=utf8mb4 COLLATE=utf8mb4_0900_ai_ci;
/*!40101 SET character_set_client = @saved_cs_client */;

--
-- Dumping data for table `usuarios`
--

LOCK TABLES `usuarios` WRITE;
/*!40000 ALTER TABLE `usuarios` DISABLE KEYS */;
INSERT INTO `usuarios` VALUES (1,'João','joao','123',1),(3,'teste','testeteste','$2b$10$svEDKc19.1J4BfSOIMhGa.noiyrkWYqm6HHSE/hx8.jQVkwgb4eTS',1),(10,'teste5','teste5','$2b$10$0RrVjaJO51oPWDlCiaK80eZRdkzpoebL.m./0e54xHOXQTMOkTKdq',1),(11,'teste6','teste6','$2b$10$W0niqeBD82WTDxmEVw/qJuJR.luSri7k5DJWVqtuCdfrTzyLoFnhi',1),(12,'teste10','teste10','$2b$10$MQhuyiFN82H89qXF0k.P0e0/5JODjJiGiZFlCBMaRRSXjTYF5J.oy',1),(13,'Pedro de Freitas da Silva','PedroFreitas','$2b$10$3jva.2.xp6JQ0l9xAmih9eIN1tf9OL1RhrfSVOL.g7JsALVgBq2BW',1);
/*!40000 ALTER TABLE `usuarios` ENABLE KEYS */;
UNLOCK TABLES;

--
-- Table structure for table `usuariosPermissoes`
--

DROP TABLE IF EXISTS `usuariosPermissoes`;
/*!40101 SET @saved_cs_client     = @@character_set_client */;
/*!50503 SET character_set_client = utf8mb4 */;
CREATE TABLE `usuariosPermissoes` (
  `usuarios_idUsuarios` int NOT NULL,
  `permissoes_idPermissoes` int NOT NULL,
  `permisaoSelect` tinyint NOT NULL,
  `permisaoInsert` tinyint NOT NULL,
  `permisaoUpdate` tinyint NOT NULL,
  `permisaoDelete` tinyint NOT NULL,
  PRIMARY KEY (`usuarios_idUsuarios`,`permissoes_idPermissoes`),
  KEY `fk_usuarios_has_permissoes_permissoes1_idx` (`permissoes_idPermissoes`),
  KEY `fk_usuarios_has_permissoes_usuarios_idx` (`usuarios_idUsuarios`),
  CONSTRAINT `fk_usuarios_has_permissoes_permissoes1` FOREIGN KEY (`permissoes_idPermissoes`) REFERENCES `permissoes` (`idPermissoes`),
  CONSTRAINT `fk_usuarios_has_permissoes_usuarios` FOREIGN KEY (`usuarios_idUsuarios`) REFERENCES `usuarios` (`idUsuarios`)
) ENGINE=InnoDB DEFAULT CHARSET=utf8mb4 COLLATE=utf8mb4_0900_ai_ci;
/*!40101 SET character_set_client = @saved_cs_client */;

--
-- Dumping data for table `usuariosPermissoes`
--

LOCK TABLES `usuariosPermissoes` WRITE;
/*!40000 ALTER TABLE `usuariosPermissoes` DISABLE KEYS */;
INSERT INTO `usuariosPermissoes` VALUES (1,1,1,1,1,1),(1,2,1,1,1,1),(1,3,1,1,1,1),(1,4,1,1,1,1),(1,5,1,1,1,1),(10,1,1,0,0,0),(10,2,0,0,0,0),(10,3,1,0,0,0),(10,4,1,1,1,1),(10,5,1,0,0,0),(11,1,0,0,0,0),(11,2,0,0,0,0),(11,3,0,0,0,0),(11,4,0,0,0,0),(11,5,0,0,0,0),(12,1,0,0,0,0),(12,2,0,0,0,0),(12,3,0,0,0,0),(12,4,0,0,0,0),(12,5,0,0,0,0),(13,1,1,1,1,1),(13,2,1,1,1,1),(13,3,1,1,1,1),(13,4,1,1,1,1),(13,5,1,0,0,0);
/*!40000 ALTER TABLE `usuariosPermissoes` ENABLE KEYS */;
UNLOCK TABLES;

--
-- Table structure for table `vendas`
--

DROP TABLE IF EXISTS `vendas`;
/*!40101 SET @saved_cs_client     = @@character_set_client */;
/*!50503 SET character_set_client = utf8mb4 */;
CREATE TABLE `vendas` (
  `idVendas` int NOT NULL AUTO_INCREMENT,
  `dataVenda` datetime NOT NULL,
  `status` varchar(45) NOT NULL,
  `usuarios_idUsuarios` int NOT NULL,
  `nome` varchar(45) NOT NULL,
  PRIMARY KEY (`idVendas`),
  KEY `fk_vendas_usuarios1_idx` (`usuarios_idUsuarios`),
  CONSTRAINT `fk_vendas_usuarios1` FOREIGN KEY (`usuarios_idUsuarios`) REFERENCES `usuarios` (`idUsuarios`)
) ENGINE=InnoDB AUTO_INCREMENT=33 DEFAULT CHARSET=utf8mb4 COLLATE=utf8mb4_0900_ai_ci;
/*!40101 SET character_set_client = @saved_cs_client */;

--
-- Dumping data for table `vendas`
--

LOCK TABLES `vendas` WRITE;
/*!40000 ALTER TABLE `vendas` DISABLE KEYS */;
INSERT INTO `vendas` VALUES (4,'2025-11-16 19:51:43','pago',1,'joao'),(6,'2025-11-18 23:50:40','pago',10,'Rui'),(7,'2025-11-19 00:59:53','cancelado',10,'a'),(9,'2025-11-19 03:15:01','pendente',10,'sfddds'),(10,'2025-11-19 18:04:13','pendente',1,'yasmin'),(11,'2025-11-19 18:04:56','pendente',1,'Pedro'),(31,'2025-11-19 19:24:50','pago',1,'Pedro'),(32,'2025-11-19 23:11:22','pago',13,'Gustavo');
/*!40000 ALTER TABLE `vendas` ENABLE KEYS */;
UNLOCK TABLES;

--
-- Temporary view structure for view `vwCategoriaVenda`
--

DROP TABLE IF EXISTS `vwCategoriaVenda`;
/*!50001 DROP VIEW IF EXISTS `vwCategoriaVenda`*/;
SET @saved_cs_client     = @@character_set_client;
/*!50503 SET character_set_client = utf8mb4 */;
/*!50001 CREATE VIEW `vwCategoriaVenda` AS SELECT 
 1 AS `mesAno`,
 1 AS `idCategoria`,
 1 AS `categoria`,
 1 AS `quantidadeVendida`*/;
SET character_set_client = @saved_cs_client;

--
-- Temporary view structure for view `vwQuantidadeVenda`
--

DROP TABLE IF EXISTS `vwQuantidadeVenda`;
/*!50001 DROP VIEW IF EXISTS `vwQuantidadeVenda`*/;
SET @saved_cs_client     = @@character_set_client;
/*!50503 SET character_set_client = utf8mb4 */;
/*!50001 CREATE VIEW `vwQuantidadeVenda` AS SELECT 
 1 AS `dataVenda`,
 1 AS `quantidadeVendida`,
 1 AS `valorTotalDia`*/;
SET character_set_client = @saved_cs_client;

--
-- Temporary view structure for view `vwVendaMes`
--

DROP TABLE IF EXISTS `vwVendaMes`;
/*!50001 DROP VIEW IF EXISTS `vwVendaMes`*/;
SET @saved_cs_client     = @@character_set_client;
/*!50503 SET character_set_client = utf8mb4 */;
/*!50001 CREATE VIEW `vwVendaMes` AS SELECT 
 1 AS `mesAno`,
 1 AS `totalVendas`,
 1 AS `quantidadeTotalVendida`,
 1 AS `valorTotalVendido`*/;
SET character_set_client = @saved_cs_client;

--
-- Temporary view structure for view `vwVendaUsuario`
--

DROP TABLE IF EXISTS `vwVendaUsuario`;
/*!50001 DROP VIEW IF EXISTS `vwVendaUsuario`*/;
SET @saved_cs_client     = @@character_set_client;
/*!50503 SET character_set_client = utf8mb4 */;
/*!50001 CREATE VIEW `vwVendaUsuario` AS SELECT 
 1 AS `mesAno`,
 1 AS `idUsuarios`,
 1 AS `usuario`,
 1 AS `quantidadeVendida`,
 1 AS `valorTotalVendido`*/;
SET character_set_client = @saved_cs_client;

--
-- Final view structure for view `vwCategoriaVenda`
--

/*!50001 DROP VIEW IF EXISTS `vwCategoriaVenda`*/;
/*!50001 SET @saved_cs_client          = @@character_set_client */;
/*!50001 SET @saved_cs_results         = @@character_set_results */;
/*!50001 SET @saved_col_connection     = @@collation_connection */;
/*!50001 SET character_set_client      = utf8mb4 */;
/*!50001 SET character_set_results     = utf8mb4 */;
/*!50001 SET collation_connection      = utf8mb4_0900_ai_ci */;
/*!50001 CREATE ALGORITHM=UNDEFINED */
/*!50013 DEFINER=`avnadmin`@`%` SQL SECURITY DEFINER */
/*!50001 VIEW `vwCategoriaVenda` AS select date_format(`v`.`dataVenda`,'%Y-%m') AS `mesAno`,`c`.`idCategorias` AS `idCategoria`,`c`.`nome` AS `categoria`,sum(`iv`.`quantidade`) AS `quantidadeVendida` from (((`vendas` `v` join `itensVendas` `iv` on((`v`.`idVendas` = `iv`.`vendas_idVendas`))) join `produtos` `p` on((`iv`.`produtos_idProdutos` = `p`.`idProdutos`))) join `categorias` `c` on((`p`.`categorias_idCategorias` = `c`.`idCategorias`))) group by date_format(`v`.`dataVenda`,'%Y-%m'),`c`.`idCategorias`,`c`.`nome` order by `mesAno`,`categoria` */;
/*!50001 SET character_set_client      = @saved_cs_client */;
/*!50001 SET character_set_results     = @saved_cs_results */;
/*!50001 SET collation_connection      = @saved_col_connection */;

--
-- Final view structure for view `vwQuantidadeVenda`
--

/*!50001 DROP VIEW IF EXISTS `vwQuantidadeVenda`*/;
/*!50001 SET @saved_cs_client          = @@character_set_client */;
/*!50001 SET @saved_cs_results         = @@character_set_results */;
/*!50001 SET @saved_col_connection     = @@collation_connection */;
/*!50001 SET character_set_client      = utf8mb4 */;
/*!50001 SET character_set_results     = utf8mb4 */;
/*!50001 SET collation_connection      = utf8mb4_0900_ai_ci */;
/*!50001 CREATE ALGORITHM=UNDEFINED */
/*!50013 DEFINER=`avnadmin`@`%` SQL SECURITY DEFINER */
/*!50001 VIEW `vwQuantidadeVenda` AS select cast(`v`.`dataVenda` as date) AS `dataVenda`,sum(`iv`.`quantidade`) AS `quantidadeVendida`,round(sum((`iv`.`quantidade` * `iv`.`precoUnitario`)),2) AS `valorTotalDia` from (`vendas` `v` join `itensVendas` `iv` on((`v`.`idVendas` = `iv`.`vendas_idVendas`))) group by cast(`v`.`dataVenda` as date) order by `dataVenda` */;
/*!50001 SET character_set_client      = @saved_cs_client */;
/*!50001 SET character_set_results     = @saved_cs_results */;
/*!50001 SET collation_connection      = @saved_col_connection */;

--
-- Final view structure for view `vwVendaMes`
--

/*!50001 DROP VIEW IF EXISTS `vwVendaMes`*/;
/*!50001 SET @saved_cs_client          = @@character_set_client */;
/*!50001 SET @saved_cs_results         = @@character_set_results */;
/*!50001 SET @saved_col_connection     = @@collation_connection */;
/*!50001 SET character_set_client      = utf8mb4 */;
/*!50001 SET character_set_results     = utf8mb4 */;
/*!50001 SET collation_connection      = utf8mb4_0900_ai_ci */;
/*!50001 CREATE ALGORITHM=UNDEFINED */
/*!50013 DEFINER=`avnadmin`@`%` SQL SECURITY DEFINER */
/*!50001 VIEW `vwVendaMes` AS select date_format(`v`.`dataVenda`,'%Y-%m') AS `mesAno`,count(distinct `v`.`idVendas`) AS `totalVendas`,sum(`iv`.`quantidade`) AS `quantidadeTotalVendida`,round(sum((`iv`.`quantidade` * `iv`.`precoUnitario`)),2) AS `valorTotalVendido` from (`vendas` `v` join `itensVendas` `iv` on((`v`.`idVendas` = `iv`.`vendas_idVendas`))) group by date_format(`v`.`dataVenda`,'%Y-%m') order by `mesAno` */;
/*!50001 SET character_set_client      = @saved_cs_client */;
/*!50001 SET character_set_results     = @saved_cs_results */;
/*!50001 SET collation_connection      = @saved_col_connection */;

--
-- Final view structure for view `vwVendaUsuario`
--

/*!50001 DROP VIEW IF EXISTS `vwVendaUsuario`*/;
/*!50001 SET @saved_cs_client          = @@character_set_client */;
/*!50001 SET @saved_cs_results         = @@character_set_results */;
/*!50001 SET @saved_col_connection     = @@collation_connection */;
/*!50001 SET character_set_client      = utf8mb4 */;
/*!50001 SET character_set_results     = utf8mb4 */;
/*!50001 SET collation_connection      = utf8mb4_0900_ai_ci */;
/*!50001 CREATE ALGORITHM=UNDEFINED */
/*!50013 DEFINER=`avnadmin`@`%` SQL SECURITY DEFINER */
/*!50001 VIEW `vwVendaUsuario` AS select date_format(`v`.`dataVenda`,'%Y-%m') AS `mesAno`,`u`.`idUsuarios` AS `idUsuarios`,`u`.`nome` AS `usuario`,sum(`iv`.`quantidade`) AS `quantidadeVendida`,round(sum((`iv`.`quantidade` * `iv`.`precoUnitario`)),2) AS `valorTotalVendido` from ((`vendas` `v` join `itensVendas` `iv` on((`v`.`idVendas` = `iv`.`vendas_idVendas`))) join `usuarios` `u` on((`v`.`usuarios_idUsuarios` = `u`.`idUsuarios`))) group by date_format(`v`.`dataVenda`,'%Y-%m'),`u`.`idUsuarios` order by `mesAno`,`usuario` */;
/*!50001 SET character_set_client      = @saved_cs_client */;
/*!50001 SET character_set_results     = @saved_cs_results */;
/*!50001 SET collation_connection      = @saved_col_connection */;
SET @@SESSION.SQL_LOG_BIN = @MYSQLDUMP_TEMP_LOG_BIN;
/*!40103 SET TIME_ZONE=@OLD_TIME_ZONE */;

/*!40101 SET SQL_MODE=@OLD_SQL_MODE */;
/*!40014 SET FOREIGN_KEY_CHECKS=@OLD_FOREIGN_KEY_CHECKS */;
/*!40014 SET UNIQUE_CHECKS=@OLD_UNIQUE_CHECKS */;
/*!40101 SET CHARACTER_SET_CLIENT=@OLD_CHARACTER_SET_CLIENT */;
/*!40101 SET CHARACTER_SET_RESULTS=@OLD_CHARACTER_SET_RESULTS */;
/*!40101 SET COLLATION_CONNECTION=@OLD_COLLATION_CONNECTION */;
/*!40111 SET SQL_NOTES=@OLD_SQL_NOTES */;

-- Dump completed on 2025-11-22 21:48:08
